clock,period,teamTricode,personId,playerName,playerNameI,xLegacy,yLegacy,shotDistance,shotResult,isFieldGoal,scoreHome,scoreAway,pointsTotal,location,description,actionType,subType,shotValue
PT12M00.00S,1,,0,,,0,0,0,,0,0,0,0,,Start of 1st Period (8:41 PM EST),period,start,0
PT12M00.00S,1,DAL,203939,Powell,D. Powell,0,0,0,,0,,,0,h,Jump Ball Powell vs. Olbrich: Tip to Sexton,Jump Ball,,0
PT11M54.00S,1,CHI,1631159,Miller,L. Miller,4,16,2,Made,1,0,2,2,v,Miller 2' Driving Dunk (2 PTS) (Sexton 1 AST),Made Shot,Driving Dunk Shot,2
PT11M37.00S,1,DAL,203939,Powell,D. Powell,-10,8,1,Made,1,2,2,4,h,Powell 1' Driving Hook Shot (2 PTS) (Middleton 1 AST),Made Shot,Driving Hook Shot,2
PT11M22.00S,1,CHI,1630172,Williams,P. Williams,105,232,25,Missed,1,,,0,v,MISS Williams 25' 3PT Jump Shot,Missed Shot,Jump Shot,3
PT11M19.00S,1,DAL,203939,Powell,D. Powell,0,0,0,,0,,,0,h,Powell REBOUND (Off:0 Def:1),Rebound,Unknown,0
PT11M12.00S,1,DAL,1642843,Flagg,C. Flagg,-136,126,19,Missed,1,,,0,h,MISS Flagg 19' Step Back Jump Shot,Missed Shot,Step Back Jump shot,2
PT11M09.00S,1,CHI,1629012,Sexton,C. Sexton,0,0,0,,0,,,0,v,Sexton REBOUND (Off:0 Def:1),Rebound,Unknown,0
PT11M00.00S,1,CHI,1630200,Jones,T. Jones,-113,41,12,Made,1,2,4,6,v,Jones 12' Driving Floating Jump Shot (2 PTS) (Olbrich 1 AST),Made Shot,Driving Floating Jump Shot,2
PT10M41.00S,1,DAL,1631108,Christie,M. Christie,125,218,25,Made,1,5,4,9,h,Christie 25' 3PT Jump Shot (3 PTS) (Powell 1 AST),Made Shot,Jump Shot,3
PT10M28.00S,1,CHI,1629012,Sexton,C. Sexton,-199,-5,20,Missed,1,,,0,v,MISS Sexton 20' Pullup Jump Shot,Missed Shot,Pullup Jump shot,2
PT10M25.00S,1,DAL,203114,Middleton,K. Middleton,0,0,0,,0,,,0,h,Middleton REBOUND (Off:0 Def:1),Rebound,Unknown,0
PT10M24.00S,1,DAL,203114,Middleton,K. Middleton,0,0,0,,0,,,0,h,Middleton Bad Pass Turnover (P1.T1),Turnover,Bad Pass,0
PT10M24.00S,1,CHI,1629012,Sexton,C. Sexton,0,0,0,,0,,,0,v,Sexton STEAL (1 STL),,,0
PT10M20.00S,1,CHI,1629012,Sexton,C. Sexton,20,31,4,Missed,1,,,0,v,MISS Sexton 4' Driving Layup,Missed Shot,Driving Layup Shot,2
PT10M18.00S,1,DAL,203939,Powell,D. Powell,0,0,0,,0,,,0,h,Powell REBOUND (Off:0 Def:2),Rebound,Unknown,0
PT10M15.00S,1,DAL,1631108,Christie,M. Christie,225,9,0,Made,1,8,4,12,h,Christie 3PT Running Jump Shot (6 PTS) (Nembhard 1 AST),Made Shot,Running Jump Shot,3
PT09M59.00S,1,CHI,1630172,Williams,P. Williams,54,256,26,Missed,1,,,0,v,MISS Williams 26' 3PT Step Back Jump Shot,Missed Shot,Step Back Jump shot,3
PT09M59.00S,1,DAL,1642948,Nembhard,R. Nembhard,0,0,0,,0,,,0,h,Nembhard REBOUND (Off:0 Def:1),Rebound,Unknown,0
PT09M52.00S,1,DAL,1631108,Christie,M. Christie,0,0,0,,0,,,0,h,Christie Out of Bounds - Bad Pass Turnover Turnover (P1.T2),Turnover,Out of Bounds - Bad Pass Turnover,0
PT09M40.00S,1,CHI,1642950,Olbrich,L. Olbrich,31,13,3,Missed,1,,,0,v,MISS Olbrich 3' Cutting Layup Shot,Missed Shot,Cutting Layup Shot,2
PT09M38.00S,1,DAL,1642843,Flagg,C. Flagg,0,0,0,,0,,,0,h,Flagg REBOUND (Off:0 Def:1),Rebound,Unknown,0
PT09M33.00S,1,DAL,203114,Middleton,K. Middleton,-230,8,0,Made,1,11,4,15,h,Middleton 3PT Running Jump Shot (3 PTS) (Nembhard 2 AST),Made Shot,Running Jump Shot,3
PT09M20.00S,1,CHI,1630200,Jones,T. Jones,-37,91,10,Missed,1,,,0,v,MISS Jones 10' Driving Bank Hook Shot,Missed Shot,Driving Bank Hook Shot,2
PT09M20.00S,1,DAL,1642843,Flagg,C. Flagg,0,0,0,,0,,,0,h,Flagg REBOUND (Off:0 Def:2),Rebound,Unknown,0
PT09M14.00S,1,DAL,1642843,Flagg,C. Flagg,2,40,4,Made,1,13,4,17,h,Flagg 4' Running Pull-Up Jump Shot (2 PTS),Made Shot,Running Pull-Up Jump Shot,2
PT09M14.00S,1,,1610612741,,,0,0,0,,0,,,0,v,Bulls Timeout: Regular (Reg.1 Short 0),Timeout,Regular,0
PT09M14.00S,1,CHI,1642950,Olbrich,L. Olbrich,0,0,0,,0,,,0,v,SUB: Gueye FOR Olbrich,Substitution,,0
PT09M00.00S,1,CHI,1629012,Sexton,C. Sexton,43,30,5,Missed,1,,,0,v,MISS Sexton 5' Driving Layup,Missed Shot,Driving Layup Shot,2
PT09M00.00S,1,DAL,1631108,Christie,M. Christie,0,0,0,,0,,,0,h,Christie BLOCK (1 BLK),,,2
PT08M57.00S,1,DAL,1642948,Nembhard,R. Nembhard,0,0,0,,0,,,0,h,Nembhard REBOUND (Off:0 Def:2),Rebound,Unknown,0
PT08M43.00S,1,DAL,203114,Middleton,K. Middleton,-227,6,0,Made,1,16,4,20,h,Middleton 3PT Jump Shot (6 PTS) (Christie 1 AST),Made Shot,Jump Shot,3
PT08M21.00S,1,CHI,1630172,Williams,P. Williams,25,14,3,Missed,1,,,0,v,MISS Williams 3' Driving Layup,Missed Shot,Driving Layup Shot,2
PT08M19.00S,1,DAL,203939,Powell,D. Powell,0,0,0,,0,,,0,h,Powell REBOUND (Off:0 Def:3),Rebound,Unknown,0
PT08M10.00S,1,CHI,1629012,Sexton,C. Sexton,0,0,0,,0,,,0,v,Sexton S.FOUL (P1.T1) (M.Kogut),Foul,Shooting,0
PT08M10.00S,1,DAL,1642948,Nembhard,R. Nembhard,0,0,0,,0,17,4,21,h,Nembhard Free Throw 1 of 2 (1 PTS),Free Throw,Free Throw 1 of 2,0
PT08M10.00S,1,DAL,203939,Powell,D. Powell,0,0,0,,0,,,0,h,SUB: Cisse FOR Powell,Substitution,,0
PT08M10.00S,1,CHI,1629012,Sexton,C. Sexton,0,0,0,,0,,,0,v,SUB: Dillingham FOR Sexton,Substitution,,0
PT08M10.00S,1,DAL,1642948,Nembhard,R. Nembhard,0,0,0,,0,18,4,22,h,Nembhard Free Throw 2 of 2 (2 PTS),Free Throw,Free Throw 2 of 2,0
PT08M00.00S,1,CHI,1630200,Jones,T. Jones,7,256,26,Missed,1,,,0,v,MISS Jones 26' 3PT Pullup Jump Shot,Missed Shot,Pullup Jump shot,3
PT07M58.00S,1,DAL,1642843,Flagg,C. Flagg,0,0,0,,0,,,0,h,Flagg REBOUND (Off:0 Def:3),Rebound,Unknown,0
PT07M50.00S,1,DAL,1642843,Flagg,C. Flagg,130,227,26,Missed,1,,,0,h,MISS Flagg 26' 3PT Jump Shot,Missed Shot,Jump Shot,3
PT07M47.00S,1,CHI,1631159,Miller,L. Miller,0,0,0,,0,,,0,v,Miller REBOUND (Off:0 Def:1),Rebound,Unknown,0
PT07M40.00S,1,CHI,1630172,Williams,P. Williams,-194,153,25,Made,1,18,7,25,v,Williams 25' 3PT Jump Shot (3 PTS) (Dillingham 1 AST),Made Shot,Jump Shot,3
PT07M23.00S,1,DAL,1631108,Christie,M. Christie,-207,146,25,Missed,1,,,0,h,MISS Christie 25' 3PT Jump Shot,Missed Shot,Jump Shot,3
PT07M17.00S,1,CHI,1642265,Dillingham,R. Dillingham,0,0,0,,0,,,0,v,Dillingham REBOUND (Off:0 Def:1),Rebound,Unknown,0
PT07M15.00S,1,CHI,1642265,Dillingham,R. Dillingham,18,5,2,Missed,1,,,0,v,MISS Dillingham 2' Running Reverse Layup,Missed Shot,Running Reverse Layup Shot,2
PT07M15.00S,1,DAL,1631108,Christie,M. Christie,0,0,0,,0,,,0,h,Christie BLOCK (2 BLK),,,2
PT07M13.00S,1,DAL,1642948,Nembhard,R. Nembhard,0,0,0,,0,,,0,h,Nembhard REBOUND (Off:0 Def:3),Rebound,Unknown,0
PT07M01.00S,1,DAL,203114,Middleton,K. Middleton,-238,-2,24,Missed,1,,,0,h,MISS Middleton 24' 3PT Jump Shot,Missed Shot,Jump Shot,3
PT06M58.00S,1,DAL,1630619,Cisse,M. Cisse,0,0,0,,0,,,0,h,Cisse REBOUND (Off:1 Def:0),Rebound,Unknown,0
PT06M54.00S,1,DAL,1642948,Nembhard,R. Nembhard,-8,124,12,Made,1,20,7,27,h,Nembhard 12' Driving Floating Jump Shot (4 PTS) (Cisse 1 AST),Made Shot,Driving Floating Jump Shot,2
PT06M43.00S,1,CHI,1630200,Jones,T. Jones,4,4,1,Made,1,20,9,29,v,Jones 1' Driving Reverse Layup (4 PTS),Made Shot,Driving Reverse Layup Shot,2
PT06M29.00S,1,CHI,1642265,Dillingham,R. Dillingham,0,0,0,,0,,,0,v,Dillingham S.FOUL (P1.T2) (J.Butler),Foul,Shooting,0
PT06M29.00S,1,DAL,203114,Middleton,K. Middleton,0,0,0,,0,21,9,30,h,Middleton Free Throw 1 of 2 (7 PTS),Free Throw,Free Throw 1 of 2,0
PT06M29.00S,1,CHI,1631159,Miller,L. Miller,0,0,0,,0,,,0,v,SUB: Sexton FOR Miller,Substitution,,0
PT06M29.00S,1,CHI,1630200,Jones,T. Jones,0,0,0,,0,,,0,v,SUB: McClung FOR Jones,Substitution,,0
PT06M29.00S,1,DAL,203114,Middleton,K. Middleton,0,0,0,,0,22,9,31,h,Middleton Free Throw 2 of 2 (8 PTS),Free Throw,Free Throw 2 of 2,0
PT06M20.00S,1,CHI,1642265,Dillingham,R. Dillingham,0,0,0,,0,,,0,v,Dillingham Bad Pass Turnover (P1.T1),Turnover,Bad Pass,0
PT06M20.00S,1,DAL,1642948,Nembhard,R. Nembhard,0,0,0,,0,,,0,h,Nembhard STEAL (1 STL),,,0
PT06M18.00S,1,DAL,1631108,Christie,M. Christie,-11,0,1,Made,1,24,9,33,h,Christie 1' Running Dunk (8 PTS) (Nembhard 3 AST),Made Shot,Running Dunk Shot,2
PT06M18.00S,1,,1610612741,,,0,0,0,,0,,,0,v,Bulls Timeout: Regular (Reg.2 Short 0),Timeout,Regular,0
PT06M18.00S,1,DAL,1642948,Nembhard,R. Nembhard,0,0,0,,0,,,0,h,SUB: Thompson FOR Nembhard,Substitution,,0
PT06M18.00S,1,DAL,203114,Middleton,K. Middleton,0,0,0,,0,,,0,h,SUB: Johnson FOR Middleton,Substitution,,0
PT06M05.00S,1,CHI,1630172,Williams,P. Williams,-12,6,1,Made,1,24,11,35,v,Williams 1' Cutting Dunk Shot (5 PTS) (Gueye 1 AST),Made Shot,Cutting Dunk Shot,2
PT05M51.00S,1,CHI,1631338,Gueye,M. Gueye,0,0,0,,0,,,0,v,Gueye S.FOUL (P1.T3) (J.Butler),Foul,Shooting,0
PT05M51.00S,1,DAL,1642843,Flagg,C. Flagg,0,0,0,,0,25,11,36,h,Flagg Free Throw 1 of 2 (3 PTS),Free Throw,Free Throw 1 of 2,0
PT05M51.00S,1,CHI,1631338,Gueye,M. Gueye,0,0,0,,0,,,0,v,SUB: Miller FOR Gueye,Substitution,,0
PT05M51.00S,1,CHI,1630172,Williams,P. Williams,0,0,0,,0,,,0,v,SUB: Olbrich FOR Williams,Substitution,,0
PT05M51.00S,1,DAL,1642843,Flagg,C. Flagg,0,0,0,,0,26,11,37,h,Flagg Free Throw 2 of 2 (4 PTS),Free Throw,Free Throw 2 of 2,0
PT05M41.00S,1,CHI,1642265,Dillingham,R. Dillingham,11,94,9,Made,1,26,13,39,v,Dillingham 9' Fadeaway Jumper (2 PTS),Made Shot,Fadeaway Jump Shot,2
PT05M24.00S,1,DAL,1631108,Christie,M. Christie,-173,173,24,Missed,1,,,0,h,MISS Christie 24' 3PT Jump Shot,Missed Shot,Jump Shot,3
PT05M21.00S,1,CHI,1642265,Dillingham,R. Dillingham,0,0,0,,0,,,0,v,Dillingham REBOUND (Off:0 Def:2),Rebound,Unknown,0
PT05M09.00S,1,CHI,1629012,Sexton,C. Sexton,-43,100,11,Missed,1,,,0,v,MISS Sexton 11' Fadeaway Jumper,Missed Shot,Fadeaway Jump Shot,2
PT05M06.00S,1,DAL,1630619,Cisse,M. Cisse,0,0,0,,0,,,0,h,Cisse REBOUND (Off:1 Def:1),Rebound,Unknown,0
PT04M57.00S,1,DAL,1642843,Flagg,C. Flagg,-42,5,4,Made,1,28,13,41,h,Flagg 4' Driving Layup (6 PTS),Made Shot,Driving Layup Shot,2
PT04M48.00S,1,CHI,1642265,Dillingham,R. Dillingham,6,31,3,Made,1,28,15,43,v,Dillingham 3' Driving Floating Jump Shot (4 PTS),Made Shot,Driving Floating Jump Shot,2
PT04M33.00S,1,DAL,202691,Thompson,K. Thompson,224,13,0,Made,1,31,15,46,h,Thompson 3PT Jump Shot (3 PTS) (Flagg 1 AST),Made Shot,Jump Shot,3
PT04M28.00S,1,CHI,1631159,Miller,L. Miller,0,0,0,,0,,,0,v,Miller Bad Pass Turnover (P1.T2),Turnover,Bad Pass,0
PT04M28.00S,1,DAL,1642843,Flagg,C. Flagg,0,0,0,,0,,,0,h,Flagg STEAL (1 STL),,,0
PT04M25.00S,1,DAL,1642843,Flagg,C. Flagg,-2,20,2,Made,1,33,15,48,h,Flagg 2' Reverse Layup (8 PTS),Made Shot,Reverse Layup Shot,2
PT04M13.00S,1,CHI,1631159,Miller,L. Miller,-121,215,25,Missed,1,,,0,v,MISS Miller 25' 3PT Pullup Jump Shot,Missed Shot,Pullup Jump shot,3
PT04M13.00S,1,CHI,1642950,Olbrich,L. Olbrich,0,0,0,,0,,,0,v,Olbrich REBOUND (Off:1 Def:0),Rebound,Unknown,0
PT04M08.00S,1,CHI,1631159,Miller,L. Miller,-6,28,3,Made,1,33,17,50,v,Miller 3' Floating Jump Shot (4 PTS) (Olbrich 2 AST),Made Shot,Floating Jump shot,2
PT03M57.00S,1,DAL,202691,Thompson,K. Thompson,16,276,28,Made,1,36,17,53,h,Thompson 28' 3PT Jump Shot (6 PTS) (Johnson 1 AST),Made Shot,Jump Shot,3
PT03M50.00S,1,CHI,1629012,Sexton,C. Sexton,10,11,1,Made,1,36,19,55,v,Sexton 1' Driving Layup (2 PTS),Made Shot,Driving Layup Shot,2
PT03M50.00S,1,DAL,1642843,Flagg,C. Flagg,0,0,0,,0,,,0,h,Flagg S.FOUL (P1.T1) (J.Butler),Foul,Shooting,0
PT03M50.00S,1,DAL,1631108,Christie,M. Christie,0,0,0,,0,,,0,h,SUB: Poulakidas FOR Christie,Substitution,,0
PT03M50.00S,1,DAL,1642843,Flagg,C. Flagg,0,0,0,,0,,,0,h,SUB: Smith FOR Flagg,Substitution,,0
PT03M50.00S,1,CHI,1631159,Miller,L. Miller,0,0,0,,0,,,0,v,SUB: Williams FOR Miller,Substitution,,0
PT03M50.00S,1,CHI,1629012,Sexton,C. Sexton,0,0,0,,0,36,20,56,v,Sexton Free Throw 1 of 1 (3 PTS),Free Throw,Free Throw 1 of 1,0
PT03M39.00S,1,DAL,1642358,Johnson,A. Johnson,43,13,4,Made,1,38,20,58,h,Johnson 4' Driving Bank Hook Shot (2 PTS),Made Shot,Driving Bank Hook Shot,2
PT03M28.00S,1,DAL,1641890,Smith,T. Smith,0,0,0,,0,,,0,h,Smith P.FOUL (P1.T2) (J.Butler),Foul,Personal,0
PT03M20.00S,1,DAL,1642358,Johnson,A. Johnson,0,0,0,,0,,,0,h,Johnson S.FOUL (P1.T3) (M.Kogut),Foul,Shooting,0
PT03M20.00S,1,CHI,1642265,Dillingham,R. Dillingham,0,0,0,,0,38,21,59,v,Dillingham Free Throw 1 of 2 (5 PTS),Free Throw,Free Throw 1 of 2,0
PT03M20.00S,1,CHI,1642265,Dillingham,R. Dillingham,0,0,0,,0,,,0,v,MISS Dillingham Free Throw 2 of 2,Free Throw,Free Throw 2 of 2,0
PT03M18.00S,1,DAL,1641890,Smith,T. Smith,0,0,0,,0,,,0,h,Smith REBOUND (Off:0 Def:1),Rebound,Unknown,0
PT03M08.00S,1,DAL,1642358,Johnson,A. Johnson,0,0,0,,0,,,0,h,Johnson Bad Pass Turnover (P1.T3),Turnover,Bad Pass,0
PT03M08.00S,1,CHI,1642265,Dillingham,R. Dillingham,0,0,0,,0,,,0,v,Dillingham STEAL (1 STL),,,0
PT03M04.00S,1,CHI,1642265,Dillingham,R. Dillingham,7,7,1,Made,1,38,23,61,v,Dillingham 1' Running Dunk (7 PTS),Made Shot,Running Dunk Shot,2
PT02M52.00S,1,DAL,202691,Thompson,K. Thompson,-26,260,26,Missed,1,,,0,h,MISS Thompson 26' 3PT Jump Shot,Missed Shot,Jump Shot,3
PT02M49.00S,1,CHI,1630172,Williams,P. Williams,0,0,0,,0,,,0,v,Williams REBOUND (Off:0 Def:1),Rebound,Unknown,0
PT02M45.00S,1,DAL,1642967,Poulakidas,J. Poulakidas,0,0,0,,0,,,0,h,Poulakidas P.FOUL (P1.T4) (B.Taylor),Foul,Personal,0
PT02M30.00S,1,CHI,1630172,Williams,P. Williams,59,29,7,Missed,1,,,0,v,MISS Williams 7' Driving Floating Bank Jump Shot,Missed Shot,Driving Floating Bank Jump Shot,2
PT02M30.00S,1,DAL,1630619,Cisse,M. Cisse,0,0,0,,0,,,0,h,Cisse BLOCK (1 BLK),,,2
PT02M29.00S,1,DAL,1630619,Cisse,M. Cisse,0,0,0,,0,,,0,h,Cisse REBOUND (Off:1 Def:2),Rebound,Unknown,0
PT02M18.00S,1,DAL,1641890,Smith,T. Smith,227,22,0,Made,1,41,23,64,h,Smith 3PT Jump Shot (3 PTS) (Thompson 1 AST),Made Shot,Jump Shot,3
PT02M04.00S,1,CHI,1630644,McClung,M. McClung,1,288,29,Made,1,41,26,67,v,McClung 29' 3PT Jump Shot (3 PTS) (Olbrich 3 AST),Made Shot,Jump Shot,3
PT01M46.00S,1,DAL,1642358,Johnson,A. Johnson,0,0,0,,0,,,0,h,Johnson Lost Ball Turnover (P2.T4),Turnover,Lost Ball,0
PT01M46.00S,1,CHI,1630644,McClung,M. McClung,0,0,0,,0,,,0,v,McClung STEAL (1 STL),,,0
PT01M41.00S,1,CHI,1642265,Dillingham,R. Dillingham,232,-4,0,Missed,1,,,0,v,MISS Dillingham 3PT Running Jump Shot,Missed Shot,Running Jump Shot,3
PT01M41.00S,1,DAL,1641890,Smith,T. Smith,0,0,0,,0,,,0,h,Smith REBOUND (Off:0 Def:2),Rebound,Unknown,0
PT01M32.00S,1,DAL,1642358,Johnson,A. Johnson,0,0,0,,0,,,0,h,Johnson Bad Pass Turnover (P3.T5),Turnover,Bad Pass,0
PT01M32.00S,1,CHI,1642950,Olbrich,L. Olbrich,0,0,0,,0,,,0,v,Olbrich STEAL (1 STL),,,0
PT01M27.00S,1,CHI,1629012,Sexton,C. Sexton,-9,6,1,Made,1,41,28,69,v,Sexton 1' Running Layup (5 PTS) (Williams 1 AST),Made Shot,Running Layup Shot,2
PT01M27.00S,1,,1610612742,,,0,0,0,,0,,,0,h,MAVERICKS Timeout: Regular (Full 1 Short 0),Timeout,Regular,0
PT01M27.00S,1,CHI,1642265,Dillingham,R. Dillingham,0,0,0,,0,,,0,v,SUB: Jones FOR Dillingham,Substitution,,0
PT01M11.00S,1,DAL,202691,Thompson,K. Thompson,-232,82,25,Missed,1,,,0,h,MISS Thompson 25' 3PT Jump Shot,Missed Shot,Jump Shot,3
PT01M08.00S,1,CHI,1642950,Olbrich,L. Olbrich,0,0,0,,0,,,0,v,Olbrich REBOUND (Off:1 Def:1),Rebound,Unknown,0
PT01M01.00S,1,DAL,1642358,Johnson,A. Johnson,0,0,0,,0,,,0,h,Johnson FLAGRANT.FOUL.TYPE1 (P2.PN) (M.Kogut),Foul,Flagrant Type 1,0
PT01M01.00S,1,,162,,,0,0,0,,0,41,28,69,,Instant Replay1st Period (9:05 PM EST),Instant Replay,Overturn Ruling,0
PT01M01.00S,1,DAL,1642358,Johnson,A. Johnson,0,0,0,,0,,,0,h,SUB: Nembhard FOR Johnson,Substitution,,0
PT01M01.00S,1,CHI,1630644,McClung,M. McClung,0,0,0,,0,,,0,v,MISS McClung Free Throw Flagrant 1 of 3,Free Throw,Free Throw Flagrant 1 of 3,0
PT01M01.00S,1,,1610612741,,,0,0,0,,0,,,0,v,Bulls Rebound,Rebound,Normal Rebound,0
PT01M01.00S,1,CHI,1630644,McClung,M. McClung,0,0,0,,0,41,29,70,v,McClung Free Throw Flagrant 2 of 3 (4 PTS),Free Throw,Free Throw Flagrant 2 of 3,0
PT01M01.00S,1,CHI,1630644,McClung,M. McClung,0,0,0,,0,41,30,71,v,McClung Free Throw Flagrant 3 of 3 (5 PTS),Free Throw,Free Throw Flagrant 3 of 3,0
PT00M49.30S,1,CHI,1630200,Jones,T. Jones,-7,6,1,Made,1,41,32,73,v,Jones 1' Driving Reverse Layup (6 PTS),Made Shot,Driving Reverse Layup Shot,2
PT00M33.40S,1,DAL,1642967,Poulakidas,J. Poulakidas,-11,119,12,Missed,1,,,0,h,MISS Poulakidas 12' Turnaround Fadeaway Shot,Missed Shot,Turnaround Fadeaway shot,2
PT00M30.40S,1,DAL,1641890,Smith,T. Smith,0,0,0,,0,,,0,h,Smith REBOUND (Off:1 Def:2),Rebound,Unknown,0
PT00M30.40S,1,CHI,1630172,Williams,P. Williams,0,0,0,,0,,,0,v,Williams S.FOUL (P1.T4) (M.Kogut),Foul,Shooting,0
PT00M30.40S,1,DAL,1641890,Smith,T. Smith,0,0,0,,0,42,32,74,h,Smith Free Throw 1 of 2 (4 PTS),Free Throw,Free Throw 1 of 2,0
PT00M30.40S,1,CHI,1629012,Sexton,C. Sexton,0,0,0,,0,,,0,v,Lane,Violation,Lane,0
PT00M30.40S,1,DAL,1641890,Smith,T. Smith,0,0,0,,0,43,32,75,h,Smith Free Throw 2 of 2 (5 PTS),Free Throw,Free Throw 2 of 2,0
PT00M18.10S,1,CHI,1629012,Sexton,C. Sexton,-6,13,1,Made,1,43,34,77,v,Sexton 1' Driving Layup (7 PTS) (Williams 2 AST),Made Shot,Driving Layup Shot,2
PT00M02.10S,1,DAL,1630619,Cisse,M. Cisse,-4,-4,1,Made,1,45,34,79,h,Cisse 1' Dunk (2 PTS) (Nembhard 4 AST),Made Shot,Dunk Shot,2
PT00M00.40S,1,,0,,,0,0,0,,0,,,0,v,BULLS Heave,Heave,Team Field Goal Attempt,0
PT00M00.10S,1,,1610612741,,,0,0,0,,0,,,0,v,Bulls Rebound,Rebound,Unknown,0
PT00M00.00S,1,,0,,,0,0,0,,0,45,34,79,,End of 1st Period (9:09 PM EST),period,end,0
PT12M00.00S,2,,0,,,0,0,0,,0,45,34,79,,Start of 2nd Period (9:12 PM EST),period,start,0
PT11M40.00S,2,DAL,1642843,Flagg,C. Flagg,-7,59,6,Made,1,47,34,81,h,Flagg 6' Driving Floating Jump Shot (10 PTS) (Nembhard 5 AST),Made Shot,Driving Floating Jump Shot,2
PT11M28.00S,2,CHI,1630200,Jones,T. Jones,5,88,9,Missed,1,,,0,v,MISS Jones 9' Driving Floating Jump Shot,Missed Shot,Driving Floating Jump Shot,2
PT11M27.00S,2,,1610612742,,,0,0,0,,0,,,0,h,MAVERICKS Rebound,Rebound,Unknown,0
PT11M13.00S,2,DAL,1642948,Nembhard,R. Nembhard,-60,90,11,Missed,1,,,0,h,MISS Nembhard 11' Turnaround Fadeaway Shot,Missed Shot,Turnaround Fadeaway shot,2
PT11M10.00S,2,CHI,1642265,Dillingham,R. Dillingham,0,0,0,,0,,,0,v,Dillingham REBOUND (Off:0 Def:3),Rebound,Unknown,0
PT11M03.00S,2,CHI,1642265,Dillingham,R. Dillingham,-38,130,14,Made,1,47,36,83,v,Dillingham 14' Driving Floating Jump Shot (9 PTS),Made Shot,Driving Floating Jump Shot,2
PT10M44.00S,2,DAL,1641890,Smith,T. Smith,-228,-5,0,Made,1,50,36,86,h,Smith 3PT Jump Shot (8 PTS) (Poulakidas 1 AST),Made Shot,Jump Shot,3
PT10M42.00S,2,CHI,1631159,Miller,L. Miller,0,0,0,,0,,,0,v,Miller Out of Bounds - Bad Pass Turnover Turnover (P2.T3),Turnover,Out of Bounds - Bad Pass Turnover,0
PT10M40.00S,2,DAL,1642948,Nembhard,R. Nembhard,0,0,0,,0,,,0,h,Nembhard Bad Pass Turnover (P1.T6),Turnover,Bad Pass,0
PT10M40.00S,2,CHI,1631338,Gueye,M. Gueye,0,0,0,,0,,,0,v,Gueye STEAL (1 STL),,,0
PT10M34.00S,2,CHI,1630200,Jones,T. Jones,-229,-5,0,Missed,1,,,0,v,MISS Jones 3PT Running Pull-Up Jump Shot,Missed Shot,Running Pull-Up Jump Shot,3
PT10M31.00S,2,DAL,1641890,Smith,T. Smith,0,0,0,,0,,,0,h,Smith REBOUND (Off:1 Def:3),Rebound,Unknown,0
PT10M23.00S,2,DAL,1642843,Flagg,C. Flagg,70,78,10,Missed,1,,,0,h,MISS Flagg 10' Driving Floating Jump Shot,Missed Shot,Driving Floating Jump Shot,2
PT10M20.00S,2,DAL,1642843,Flagg,C. Flagg,0,0,0,,0,,,0,h,Flagg REBOUND (Off:1 Def:3),Rebound,Unknown,0
PT10M20.00S,2,DAL,1642843,Flagg,C. Flagg,0,0,0,Missed,1,,,0,h,MISS Flagg Tip Layup Shot,Missed Shot,Tip Layup Shot,2
PT10M20.00S,2,DAL,203939,Powell,D. Powell,0,0,0,,0,,,0,h,Powell REBOUND (Off:1 Def:3),Rebound,Unknown,0
PT10M15.00S,2,DAL,1641890,Smith,T. Smith,2,-5,1,Made,1,52,36,88,h,Smith 1' Cutting Dunk Shot (10 PTS) (Nembhard 6 AST),Made Shot,Cutting Dunk Shot,2
PT10M11.00S,2,DAL,1642967,Poulakidas,J. Poulakidas,0,0,0,,0,,,0,h,Poulakidas Personal Take Foul (P2.T1) (J.Butler),Foul,Personal Take,0
PT10M11.00S,2,DAL,1642843,Flagg,C. Flagg,0,0,0,,0,,,0,h,SUB: Christie FOR Flagg,Substitution,,0
PT09M54.00S,2,CHI,1642530,Kawamura,Y. Kawamura,-42,133,14,Missed,1,,,0,v,MISS Kawamura 14' Driving Floating Jump Shot,Missed Shot,Driving Floating Jump Shot,2
PT09M52.00S,2,DAL,1641890,Smith,T. Smith,0,0,0,,0,,,0,h,Smith REBOUND (Off:1 Def:4),Rebound,Unknown,0
PT09M42.00S,2,DAL,1642967,Poulakidas,J. Poulakidas,-91,235,25,Missed,1,,,0,h,MISS Poulakidas 25' 3PT Jump Shot,Missed Shot,Jump Shot,3
PT09M38.00S,2,CHI,1631159,Miller,L. Miller,0,0,0,,0,,,0,v,Miller REBOUND (Off:0 Def:2),Rebound,Unknown,0
PT09M31.00S,2,CHI,1642265,Dillingham,R. Dillingham,0,0,0,,0,,,0,v,Dillingham Lost Ball Turnover (P2.T4),Turnover,Lost Ball,0
PT09M31.00S,2,DAL,203939,Powell,D. Powell,0,0,0,,0,,,0,h,Powell STEAL (1 STL),,,0
PT09M26.00S,2,DAL,1641890,Smith,T. Smith,0,0,0,,0,,,0,h,Smith Lost Ball Turnover (P1.T7),Turnover,Lost Ball,0
PT09M26.00S,2,CHI,1630200,Jones,T. Jones,0,0,0,,0,,,0,v,Jones STEAL (1 STL),,,0
PT09M21.00S,2,CHI,1642265,Dillingham,R. Dillingham,10,-4,1,Made,1,52,38,90,v,Dillingham 1' Running Layup (11 PTS) (Jones 1 AST),Made Shot,Running Layup Shot,2
PT09M02.00S,2,DAL,1641890,Smith,T. Smith,-234,-15,0,Missed,1,,,0,h,MISS Smith 3PT Step Back Jump Shot,Missed Shot,Step Back Jump shot,3
PT08M59.00S,2,CHI,1642265,Dillingham,R. Dillingham,0,0,0,,0,,,0,v,Dillingham REBOUND (Off:0 Def:4),Rebound,Unknown,0
PT08M51.00S,2,CHI,1642265,Dillingham,R. Dillingham,-37,125,13,Made,1,52,40,92,v,Dillingham 13' Pullup Jump Shot (13 PTS),Made Shot,Pullup Jump shot,2
PT08M39.00S,2,DAL,1631108,Christie,M. Christie,27,11,3,Made,1,54,40,94,h,Christie 3' Driving Finger Roll Layup (10 PTS) (Nembhard 7 AST),Made Shot,Driving Finger Roll Layup Shot,2
PT08M39.00S,2,CHI,1631338,Gueye,M. Gueye,0,0,0,,0,,,0,v,Gueye S.FOUL (P2.T1) (M.Kogut),Foul,Shooting,0
PT08M39.00S,2,DAL,203939,Powell,D. Powell,0,0,0,,0,,,0,h,SUB: Cisse FOR Powell,Substitution,,0
PT08M39.00S,2,CHI,1630200,Jones,T. Jones,0,0,0,,0,,,0,v,SUB: Olbrich FOR Jones,Substitution,,0
PT08M39.00S,2,DAL,1631108,Christie,M. Christie,0,0,0,,0,,,0,h,MISS Christie Free Throw 1 of 1,Free Throw,Free Throw 1 of 1,0
PT08M35.00S,2,CHI,1642530,Kawamura,Y. Kawamura,0,0,0,,0,,,0,v,Kawamura REBOUND (Off:0 Def:1),Rebound,Unknown,0
PT08M28.00S,2,CHI,1642265,Dillingham,R. Dillingham,-134,241,28,Missed,1,,,0,v,MISS Dillingham 28' 3PT Jump Shot,Missed Shot,Jump Shot,3
PT08M25.00S,2,CHI,1642950,Olbrich,L. Olbrich,0,0,0,,0,,,0,v,Olbrich REBOUND (Off:2 Def:1),Rebound,Unknown,0
PT08M21.00S,2,CHI,1631338,Gueye,M. Gueye,0,0,0,,0,,,0,v,Gueye Bad Pass Turnover (P1.T5),Turnover,Bad Pass,0
PT08M21.00S,2,DAL,1642967,Poulakidas,J. Poulakidas,0,0,0,,0,,,0,h,Poulakidas STEAL (1 STL),,,0
PT08M17.00S,2,DAL,1642948,Nembhard,R. Nembhard,5,1,1,Made,1,56,40,96,h,Nembhard 1' Running Layup (6 PTS) (Poulakidas 2 AST),Made Shot,Running Layup Shot,2
PT08M10.00S,2,CHI,1642530,Kawamura,Y. Kawamura,230,75,24,Missed,1,,,0,v,MISS Kawamura 24' 3PT Jump Shot,Missed Shot,Jump Shot,3
PT08M10.00S,2,DAL,1642948,Nembhard,R. Nembhard,0,0,0,,0,,,0,h,Nembhard REBOUND (Off:0 Def:4),Rebound,Unknown,0
PT07M57.00S,2,DAL,1641890,Smith,T. Smith,227,4,0,Made,1,59,40,99,h,Smith 3PT Jump Shot (13 PTS) (Poulakidas 3 AST),Made Shot,Jump Shot,3
PT07M36.00S,2,CHI,1642265,Dillingham,R. Dillingham,-57,138,15,Made,1,59,42,101,v,Dillingham 15' Pullup Jump Shot (15 PTS) (Olbrich 4 AST),Made Shot,Pullup Jump shot,2
PT07M21.00S,2,DAL,1631108,Christie,M. Christie,4,3,1,Made,1,61,42,103,h,Christie 1' Driving Layup (12 PTS) (Nembhard 8 AST),Made Shot,Driving Layup Shot,2
PT07M12.00S,2,CHI,1642265,Dillingham,R. Dillingham,-92,104,14,Made,1,61,44,105,v,Dillingham 14' Step Back Jump Shot (17 PTS),Made Shot,Step Back Jump shot,2
PT06M59.00S,2,CHI,1631159,Miller,L. Miller,0,0,0,,0,,,0,v,Miller S.FOUL (P1.T2) (B.Taylor),Foul,Shooting,0
PT06M59.00S,2,,1610612742,,,0,0,0,,0,,,0,h,MAVERICKS Timeout: Regular (Full 2 Short 0),Timeout,Regular,0
PT06M59.00S,2,CHI,1642530,Kawamura,Y. Kawamura,0,0,0,,0,,,0,v,SUB: Williams FOR Kawamura,Substitution,,0
PT06M59.00S,2,CHI,1631338,Gueye,M. Gueye,0,0,0,,0,,,0,v,SUB: McClung FOR Gueye,Substitution,,0
PT06M59.00S,2,DAL,1630619,Cisse,M. Cisse,0,0,0,,0,62,44,106,h,Cisse Free Throw 1 of 2 (3 PTS),Free Throw,Free Throw 1 of 2,0
PT06M59.00S,2,DAL,1630619,Cisse,M. Cisse,0,0,0,,0,63,44,107,h,Cisse Free Throw 2 of 2 (4 PTS),Free Throw,Free Throw 2 of 2,0
PT06M50.00S,2,CHI,1642265,Dillingham,R. Dillingham,0,0,0,,0,,,0,v,Dillingham Bad Pass Turnover (P3.T6),Turnover,Bad Pass,0
PT06M50.00S,2,DAL,1641890,Smith,T. Smith,0,0,0,,0,,,0,h,Smith STEAL (1 STL),,,0
PT06M47.00S,2,DAL,1641890,Smith,T. Smith,-11,-5,1,Made,1,65,44,109,h,Smith 1' Running Dunk (15 PTS),Made Shot,Running Dunk Shot,2
PT06M36.00S,2,CHI,1642265,Dillingham,R. Dillingham,-186,179,26,Missed,1,,,0,v,MISS Dillingham 26' 3PT Step Back Jump Shot,Missed Shot,Step Back Jump shot,3
PT06M33.00S,2,DAL,1631108,Christie,M. Christie,0,0,0,,0,,,0,h,Christie REBOUND (Off:0 Def:1),Rebound,Unknown,0
PT06M24.00S,2,DAL,1641890,Smith,T. Smith,-183,174,25,Missed,1,,,0,h,MISS Smith 25' 3PT Jump Shot,Missed Shot,Jump Shot,3
PT06M20.00S,2,CHI,1631159,Miller,L. Miller,0,0,0,,0,,,0,v,Miller REBOUND (Off:0 Def:3),Rebound,Unknown,0
PT06M10.00S,2,CHI,1630644,McClung,M. McClung,-200,37,20,Missed,1,,,0,v,MISS McClung 20' Step Back Jump Shot,Missed Shot,Step Back Jump shot,2
PT06M07.00S,2,DAL,1630619,Cisse,M. Cisse,0,0,0,,0,,,0,h,Cisse REBOUND (Off:1 Def:3),Rebound,Unknown,0
PT05M50.00S,2,DAL,1642967,Poulakidas,J. Poulakidas,188,173,26,Made,1,68,44,112,h,Poulakidas 26' 3PT Jump Shot (3 PTS) (Nembhard 9 AST),Made Shot,Jump Shot,3
PT05M49.00S,2,,1610612741,,,0,0,0,,0,,,0,v,Bulls Timeout: Regular (Reg.3 Short 0),Timeout,Regular,0
PT05M49.00S,2,DAL,1631108,Christie,M. Christie,0,0,0,,0,,,0,h,SUB: Johnson FOR Christie,Substitution,,0
PT05M49.00S,2,DAL,1642967,Poulakidas,J. Poulakidas,0,0,0,,0,,,0,h,SUB: Thompson FOR Poulakidas,Substitution,,0
PT05M49.00S,2,DAL,1642948,Nembhard,R. Nembhard,0,0,0,,0,,,0,h,SUB: Powell FOR Nembhard,Substitution,,0
PT05M38.00S,2,CHI,1630172,Williams,P. Williams,1,36,4,Made,1,68,46,114,v,Williams 4' Turnaround Hook Shot (7 PTS),Made Shot,Turnaround Hook Shot,2
PT05M38.00S,2,DAL,1630619,Cisse,M. Cisse,0,0,0,,0,,,0,h,Cisse Violation:Defensive Goaltending (M.Kogut),Violation,Defensive Goaltending,0
PT05M27.00S,2,DAL,1630619,Cisse,M. Cisse,-12,30,3,Missed,1,,,0,h,MISS Cisse 3' Cutting Layup Shot,Missed Shot,Cutting Layup Shot,2
PT05M25.00S,2,,1610612741,,,0,0,0,,0,,,0,v,Bulls Rebound,Rebound,Unknown,0
PT05M25.00S,2,CHI,1630644,McClung,M. McClung,0,0,0,,0,,,0,v,SUB: Gueye FOR McClung,Substitution,,0
PT05M25.00S,2,CHI,1642265,Dillingham,R. Dillingham,0,0,0,,0,,,0,v,SUB: Sexton FOR Dillingham,Substitution,,0
PT05M25.00S,2,CHI,1642950,Olbrich,L. Olbrich,0,0,0,,0,,,0,v,SUB: Jones FOR Olbrich,Substitution,,0
PT05M16.00S,2,DAL,1642358,Johnson,A. Johnson,0,0,0,,0,,,0,h,Johnson P.FOUL (P3.T2) (B.Taylor),Foul,Personal,0
PT05M16.00S,2,DAL,1642358,Johnson,A. Johnson,0,0,0,,0,,,0,h,SUB: Nembhard FOR Johnson,Substitution,,0
PT05M00.00S,2,CHI,1629012,Sexton,C. Sexton,4,91,9,Missed,1,,,0,v,MISS Sexton 9' Fadeaway Jumper,Missed Shot,Fadeaway Jump Shot,2
PT04M58.00S,2,DAL,1630619,Cisse,M. Cisse,0,0,0,,0,,,0,h,Cisse REBOUND (Off:1 Def:4),Rebound,Unknown,0
PT04M40.00S,2,CHI,1629012,Sexton,C. Sexton,0,0,0,,0,,,0,v,Sexton S.FOUL (P2.T3) (B.Taylor),Foul,Shooting,0
PT04M40.00S,2,DAL,1630619,Cisse,M. Cisse,0,0,0,,0,69,46,115,h,Cisse Free Throw 1 of 2 (5 PTS),Free Throw,Free Throw 1 of 2,0
PT04M40.00S,2,DAL,1630619,Cisse,M. Cisse,0,0,0,,0,70,46,116,h,Cisse Free Throw 2 of 2 (6 PTS),Free Throw,Free Throw 2 of 2,0
PT04M29.00S,2,CHI,1630200,Jones,T. Jones,-99,160,19,Missed,1,,,0,v,MISS Jones 19' Pullup Jump Shot,Missed Shot,Pullup Jump shot,2
PT04M26.00S,2,DAL,1641890,Smith,T. Smith,0,0,0,,0,,,0,h,Smith REBOUND (Off:1 Def:5),Rebound,Unknown,0
PT04M15.00S,2,DAL,202691,Thompson,K. Thompson,208,8,21,Missed,1,,,0,h,MISS Thompson 21' Step Back Jump Shot,Missed Shot,Step Back Jump shot,2
PT04M14.00S,2,DAL,1630619,Cisse,M. Cisse,0,0,0,,0,,,0,h,Cisse REBOUND (Off:2 Def:4),Rebound,Unknown,0
PT04M13.00S,2,DAL,1630619,Cisse,M. Cisse,26,20,3,Missed,1,,,0,h,MISS Cisse 3' Putback Layup,Missed Shot,Putback Layup Shot,2
PT04M13.00S,2,CHI,1630172,Williams,P. Williams,0,0,0,,0,,,0,v,Williams BLOCK (1 BLK),,,2
PT04M12.00S,2,,1610612741,,,0,0,0,,0,,,0,v,Bulls Rebound,Rebound,Unknown,0
PT03M55.00S,2,CHI,1630200,Jones,T. Jones,31,-4,3,Missed,1,,,0,v,MISS Jones 3' Driving Layup,Missed Shot,Driving Layup Shot,2
PT03M53.00S,2,CHI,1631338,Gueye,M. Gueye,0,0,0,,0,,,0,v,Gueye REBOUND (Off:1 Def:0),Rebound,Unknown,0
PT03M53.00S,2,CHI,1631338,Gueye,M. Gueye,0,0,0,Made,1,70,48,118,v,Gueye Tip Layup Shot (2 PTS),Made Shot,Tip Layup Shot,2
PT03M44.00S,2,DAL,202691,Thompson,K. Thompson,188,176,26,Made,1,73,48,121,h,Thompson 26' 3PT Jump Shot (9 PTS) (Nembhard 10 AST),Made Shot,Jump Shot,3
PT03M23.00S,2,CHI,1629012,Sexton,C. Sexton,9,16,2,Made,1,73,50,123,v,Sexton 2' Driving Layup (9 PTS),Made Shot,Driving Layup Shot,2
PT03M09.00S,2,DAL,202691,Thompson,K. Thompson,196,159,25,Made,1,76,50,126,h,Thompson 25' 3PT Jump Shot (12 PTS) (Nembhard 11 AST),Made Shot,Jump Shot,3
PT02M50.00S,2,CHI,1631159,Miller,L. Miller,18,155,16,Made,1,76,52,128,v,Miller 16' Step Back Jump Shot (6 PTS),Made Shot,Step Back Jump shot,2
PT02M32.00S,2,DAL,202691,Thompson,K. Thompson,-223,110,25,Missed,1,,,0,h,MISS Thompson 25' 3PT Jump Shot,Missed Shot,Jump Shot,3
PT02M29.00S,2,DAL,1630619,Cisse,M. Cisse,0,0,0,,0,,,0,h,Cisse REBOUND (Off:3 Def:4),Rebound,Unknown,0
PT02M28.00S,2,DAL,1630619,Cisse,M. Cisse,0,0,0,,0,,,0,h,Cisse Lost Ball Turnover (P1.T8),Turnover,Lost Ball,0
PT02M28.00S,2,CHI,1631338,Gueye,M. Gueye,0,0,0,,0,,,0,v,Gueye STEAL (2 STL),,,0
PT02M25.00S,2,CHI,1630172,Williams,P. Williams,0,0,0,,0,,,0,v,Williams Bad Pass Turnover (P1.T7),Turnover,Bad Pass,0
PT02M25.00S,2,DAL,202691,Thompson,K. Thompson,0,0,0,,0,,,0,h,Thompson STEAL (1 STL),,,0
PT02M20.00S,2,DAL,202691,Thompson,K. Thompson,-228,108,25,Missed,1,,,0,h,MISS Thompson 25' 3PT Running Jump Shot,Missed Shot,Running Jump Shot,3
PT02M18.00S,2,DAL,1630619,Cisse,M. Cisse,0,0,0,,0,,,0,h,Cisse REBOUND (Off:4 Def:4),Rebound,Unknown,0
PT02M17.00S,2,DAL,1630619,Cisse,M. Cisse,-1,0,0,Missed,1,,,0,h,MISS Cisse Putback Layup,Missed Shot,Putback Layup Shot,2
PT02M17.00S,2,CHI,1630172,Williams,P. Williams,0,0,0,,0,,,0,v,Williams REBOUND (Off:0 Def:2),Rebound,Unknown,0
PT02M11.00S,2,CHI,1629012,Sexton,C. Sexton,20,8,2,Missed,1,,,0,v,MISS Sexton 2' Running Layup,Missed Shot,Running Layup Shot,2
PT02M09.00S,2,DAL,203939,Powell,D. Powell,0,0,0,,0,,,0,h,Powell REBOUND (Off:1 Def:4),Rebound,Unknown,0
PT02M03.00S,2,DAL,202691,Thompson,K. Thompson,87,234,25,Missed,1,,,0,h,MISS Thompson 25' 3PT Step Back Jump Shot,Missed Shot,Step Back Jump shot,3
PT02M03.00S,2,,1610612741,,,0,0,0,,0,,,0,v,Bulls Rebound,Rebound,Unknown,0
PT02M02.00S,2,DAL,202691,Thompson,K. Thompson,0,0,0,,0,,,0,h,SUB: Poulakidas FOR Thompson,Substitution,,0
PT01M49.00S,2,CHI,1630172,Williams,P. Williams,194,174,26,Missed,1,,,0,v,MISS Williams 26' 3PT Jump Shot,Missed Shot,Jump Shot,3
PT01M47.00S,2,CHI,1631159,Miller,L. Miller,0,0,0,,0,,,0,v,Miller REBOUND (Off:1 Def:3),Rebound,Unknown,0
PT01M43.00S,2,DAL,1642967,Poulakidas,J. Poulakidas,0,0,0,,0,,,0,h,Poulakidas P.FOUL (P3.T3) (M.Kogut),Foul,Personal,0
PT01M33.00S,2,CHI,1631338,Gueye,M. Gueye,0,0,0,,0,,,0,v,Gueye Lost Ball Turnover (P2.T8),Turnover,Lost Ball,0
PT01M33.00S,2,DAL,1642948,Nembhard,R. Nembhard,0,0,0,,0,,,0,h,Nembhard STEAL (2 STL),,,0
PT01M28.00S,2,DAL,1642948,Nembhard,R. Nembhard,33,11,3,Missed,1,,,0,h,MISS Nembhard 3' Running Layup,Missed Shot,Running Layup Shot,2
PT01M28.00S,2,CHI,1631338,Gueye,M. Gueye,0,0,0,,0,,,0,v,Gueye BLOCK (1 BLK),,,2
PT01M26.00S,2,CHI,1631338,Gueye,M. Gueye,0,0,0,,0,,,0,v,Gueye REBOUND (Off:1 Def:1),Rebound,Unknown,0
PT01M22.00S,2,CHI,1631159,Miller,L. Miller,4,18,2,Made,1,76,54,130,v,Miller 2' Running Dunk (8 PTS) (Gueye 2 AST),Made Shot,Running Dunk Shot,2
PT01M22.00S,2,DAL,203939,Powell,D. Powell,0,0,0,,0,,,0,h,Powell Violation:Defensive Goaltending (M.Kogut),Violation,Defensive Goaltending,0
PT01M22.00S,2,DAL,203939,Powell,D. Powell,0,0,0,,0,,,0,h,Powell S.FOUL (P1.PN) (J.Butler),Foul,Shooting,0
PT01M22.00S,2,CHI,1629012,Sexton,C. Sexton,0,0,0,,0,,,0,v,SUB: Dillingham FOR Sexton,Substitution,,0
PT01M22.00S,2,CHI,1631338,Gueye,M. Gueye,0,0,0,,0,,,0,v,SUB: Olbrich FOR Gueye,Substitution,,0
PT01M22.00S,2,CHI,1631159,Miller,L. Miller,0,0,0,,0,,,0,v,MISS Miller Free Throw 1 of 1,Free Throw,Free Throw 1 of 1,0
PT01M20.00S,2,DAL,1630619,Cisse,M. Cisse,0,0,0,,0,,,0,h,Cisse REBOUND (Off:4 Def:5),Rebound,Unknown,0
PT01M14.00S,2,DAL,1641890,Smith,T. Smith,21,51,6,Made,1,78,54,132,h,Smith 6' Running Pull-Up Jump Shot (17 PTS) (Nembhard 12 AST),Made Shot,Running Pull-Up Jump Shot,2
PT01M01.00S,2,CHI,1630172,Williams,P. Williams,-152,249,29,Missed,1,,,0,v,MISS Williams 29' 3PT Jump Shot,Missed Shot,Jump Shot,3
PT00M59.40S,2,DAL,203939,Powell,D. Powell,0,0,0,,0,,,0,h,Powell REBOUND (Off:1 Def:5),Rebound,Unknown,0
PT00M40.40S,2,CHI,1630200,Jones,T. Jones,0,0,0,,0,,,0,v,Jones P.FOUL (P1.T4) (B.Taylor),Foul,Personal,0
PT00M34.50S,2,DAL,1642967,Poulakidas,J. Poulakidas,6,246,25,Missed,1,,,0,h,MISS Poulakidas 25' 3PT Jump Shot,Missed Shot,Jump Shot,3
PT00M29.80S,2,CHI,1630200,Jones,T. Jones,0,0,0,,0,,,0,v,Jones REBOUND (Off:0 Def:1),Rebound,Unknown,0
PT00M25.00S,2,CHI,1631159,Miller,L. Miller,-221,113,25,Missed,1,,,0,v,MISS Miller 25' 3PT Running Jump Shot,Missed Shot,Running Jump Shot,3
PT00M22.10S,2,DAL,1642967,Poulakidas,J. Poulakidas,0,0,0,,0,,,0,h,Poulakidas REBOUND (Off:0 Def:1),Rebound,Unknown,0
PT00M20.80S,2,DAL,1642967,Poulakidas,J. Poulakidas,0,0,0,,0,,,0,h,Poulakidas Lost Ball Turnover (P1.T9),Turnover,Lost Ball,0
PT00M20.80S,2,CHI,1642950,Olbrich,L. Olbrich,0,0,0,,0,,,0,v,Olbrich STEAL (2 STL),,,0
PT00M20.00S,2,CHI,1642950,Olbrich,L. Olbrich,0,20,2,Made,1,78,56,134,v,Olbrich 2' Dunk (2 PTS),Made Shot,Dunk Shot,2
PT00M04.20S,2,DAL,1642948,Nembhard,R. Nembhard,-16,-5,2,Made,1,80,56,136,h,Nembhard 2' Driving Layup (8 PTS),Made Shot,Driving Layup Shot,2
PT00M00.00S,2,,0,,,0,0,0,,0,,,0,v,BULLS Heave,Heave,Team Field Goal Attempt,0
PT00M00.00S,2,,1610612741,,,0,0,0,,0,,,0,v,Bulls Rebound,Rebound,Unknown,0
PT00M00.00S,2,,0,,,0,0,0,,0,80,56,136,,End of 2nd Period (9:36 PM EST),period,end,0
PT12M00.00S,3,,0,,,0,0,0,,0,80,56,136,,Start of 3rd Period (9:51 PM EST),period,start,0
PT11M49.00S,3,DAL,203939,Powell,D. Powell,-114,235,26,Missed,1,,,0,h,MISS Powell 26' 3PT Jump Shot,Missed Shot,Jump Shot,3
PT11M46.00S,3,,1610612741,,,0,0,0,,0,,,0,v,Bulls Rebound,Rebound,Unknown,0
PT11M29.00S,3,CHI,1629012,Sexton,C. Sexton,15,29,3,Missed,1,,,0,v,MISS Sexton 3' Driving Layup,Missed Shot,Driving Layup Shot,2
PT11M29.00S,3,DAL,1630619,Cisse,M. Cisse,0,0,0,,0,,,0,h,Cisse BLOCK (2 BLK),,,2
PT11M26.00S,3,DAL,1642967,Poulakidas,J. Poulakidas,0,0,0,,0,,,0,h,Poulakidas REBOUND (Off:0 Def:2),Rebound,Unknown,0
PT11M22.00S,3,DAL,1642967,Poulakidas,J. Poulakidas,-186,162,25,Made,1,83,56,139,h,Poulakidas 25' 3PT Running Jump Shot (6 PTS) (Nembhard 13 AST),Made Shot,Running Jump Shot,3
PT11M02.00S,3,CHI,1630172,Williams,P. Williams,-147,215,26,Missed,1,,,0,v,MISS Williams 26' 3PT Pullup Jump Shot,Missed Shot,Pullup Jump shot,3
PT11M01.00S,3,CHI,1642950,Olbrich,L. Olbrich,0,0,0,,0,,,0,v,Olbrich REBOUND (Off:3 Def:1),Rebound,Unknown,0
PT10M59.00S,3,CHI,1631159,Miller,L. Miller,-20,251,25,Made,1,83,59,142,v,Miller 25' 3PT Jump Shot (11 PTS) (Olbrich 5 AST),Made Shot,Jump Shot,3
PT10M42.00S,3,DAL,1630619,Cisse,M. Cisse,-20,16,3,Missed,1,,,0,h,MISS Cisse 3' Driving Layup,Missed Shot,Driving Layup Shot,2
PT10M39.00S,3,CHI,1631159,Miller,L. Miller,0,0,0,,0,,,0,v,Miller REBOUND (Off:1 Def:4),Rebound,Unknown,0
PT10M30.00S,3,CHI,1630172,Williams,P. Williams,-109,229,25,Made,1,83,62,145,v,Williams 25' 3PT Jump Shot (10 PTS) (Miller 1 AST),Made Shot,Jump Shot,3
PT10M14.00S,3,DAL,1642948,Nembhard,R. Nembhard,-188,176,26,Missed,1,,,0,h,MISS Nembhard 26' 3PT Jump Shot,Missed Shot,Jump Shot,3
PT10M11.00S,3,DAL,1630619,Cisse,M. Cisse,0,0,0,,0,,,0,h,Cisse REBOUND (Off:5 Def:5),Rebound,Unknown,0
PT10M05.00S,3,DAL,1642967,Poulakidas,J. Poulakidas,189,176,26,Made,1,86,62,148,h,Poulakidas 26' 3PT Jump Shot (9 PTS) (Nembhard 14 AST),Made Shot,Jump Shot,3
PT09M52.00S,3,CHI,1631159,Miller,L. Miller,4,3,1,Made,1,86,64,150,v,Miller 1' Cutting Dunk Shot (13 PTS) (Jones 2 AST),Made Shot,Cutting Dunk Shot,2
PT09M39.00S,3,DAL,1642967,Poulakidas,J. Poulakidas,113,235,26,Missed,1,,,0,h,MISS Poulakidas 26' 3PT Jump Shot,Missed Shot,Jump Shot,3
PT09M39.00S,3,CHI,1630200,Jones,T. Jones,0,0,0,,0,,,0,v,Jones REBOUND (Off:0 Def:2),Rebound,Unknown,0
PT09M26.00S,3,CHI,1642950,Olbrich,L. Olbrich,-66,4,7,Made,1,86,66,152,v,Olbrich 7' Floating Jump Shot (4 PTS) (Williams 3 AST),Made Shot,Floating Jump shot,2
PT09M11.00S,3,DAL,1642358,Johnson,A. Johnson,0,0,0,,0,,,0,h,Johnson OFF.Foul (P4) (M.Kogut),Foul,Offensive,0
PT09M11.00S,3,DAL,1642358,Johnson,A. Johnson,0,0,0,,0,,,0,h,Johnson Offensive Foul Turnover (P4.T10),Turnover,Offensive Foul Turnover,0
PT09M11.00S,3,DAL,1642948,Nembhard,R. Nembhard,0,0,0,,0,,,0,h,SUB: Smith FOR Nembhard,Substitution,,0
PT08M51.00S,3,CHI,1630200,Jones,T. Jones,28,34,4,Missed,1,,,0,v,MISS Jones 4' Driving Layup,Missed Shot,Driving Layup Shot,2
PT08M51.00S,3,DAL,1642967,Poulakidas,J. Poulakidas,0,0,0,,0,,,0,h,Poulakidas BLOCK (1 BLK),,,2
PT08M49.00S,3,CHI,1630200,Jones,T. Jones,0,0,0,,0,,,0,v,Jones REBOUND (Off:1 Def:2),Rebound,Unknown,0
PT08M46.00S,3,CHI,1630200,Jones,T. Jones,228,3,0,Missed,1,,,0,v,MISS Jones 3PT Jump Shot,Missed Shot,Jump Shot,3
PT08M42.00S,3,DAL,1642358,Johnson,A. Johnson,0,0,0,,0,,,0,h,Johnson REBOUND (Off:0 Def:1),Rebound,Unknown,0
PT08M41.00S,3,CHI,1630172,Williams,P. Williams,0,0,0,,0,,,0,v,Williams S.FOUL (P2.T1) (M.Kogut),Foul,Shooting,0
PT08M41.00S,3,DAL,1642358,Johnson,A. Johnson,0,0,0,,0,87,66,153,h,Johnson Free Throw 1 of 2 (3 PTS),Free Throw,Free Throw 1 of 2,0
PT08M41.00S,3,DAL,1642358,Johnson,A. Johnson,0,0,0,,0,88,66,154,h,Johnson Free Throw 2 of 2 (4 PTS),Free Throw,Free Throw 2 of 2,0
PT08M34.00S,3,CHI,1629012,Sexton,C. Sexton,-12,4,1,Made,1,88,68,156,v,Sexton 1' Driving Layup (11 PTS),Made Shot,Driving Layup Shot,2
PT08M22.00S,3,DAL,1642358,Johnson,A. Johnson,0,0,0,,0,,,0,h,SUB: Nembhard FOR Johnson,Substitution,,0
PT08M22.00S,3,CHI,1631159,Miller,L. Miller,0,0,0,,0,,,0,v,SUB: Gueye FOR Miller,Substitution,,0
PT08M22.00S,3,CHI,1630200,Jones,T. Jones,0,0,0,,0,,,0,v,SUB: Dillingham FOR Jones,Substitution,,0
PT08M14.00S,3,DAL,1642948,Nembhard,R. Nembhard,25,159,16,Made,1,90,68,158,h,Nembhard 16' Fadeaway Jumper (10 PTS),Made Shot,Fadeaway Jump Shot,2
PT08M06.00S,3,CHI,1630172,Williams,P. Williams,130,214,25,Missed,1,,,0,v,MISS Williams 25' 3PT Pullup Jump Shot,Missed Shot,Pullup Jump shot,3
PT08M04.00S,3,DAL,1630619,Cisse,M. Cisse,0,0,0,,0,,,0,h,Cisse REBOUND (Off:5 Def:6),Rebound,Unknown,0
PT08M00.00S,3,DAL,1642967,Poulakidas,J. Poulakidas,-162,262,31,Made,1,93,68,161,h,Poulakidas 31' 3PT Running Pull-Up Jump Shot (12 PTS) (Nembhard 15 AST),Made Shot,Running Pull-Up Jump Shot,3
PT07M44.00S,3,CHI,1629012,Sexton,C. Sexton,1,131,13,Made,1,93,70,163,v,Sexton 13' Pullup Jump Shot (13 PTS) (Gueye 3 AST),Made Shot,Pullup Jump shot,2
PT07M32.00S,3,DAL,1642967,Poulakidas,J. Poulakidas,-145,265,30,Missed,1,,,0,h,MISS Poulakidas 30' 3PT Jump Shot,Missed Shot,Jump Shot,3
PT07M29.00S,3,DAL,203939,Powell,D. Powell,0,0,0,,0,,,0,h,Powell REBOUND (Off:2 Def:5),Rebound,Unknown,0
PT07M27.00S,3,DAL,1630619,Cisse,M. Cisse,0,0,0,,0,,,0,h,Cisse OFF.Foul (P1) (B.Taylor),Foul,Offensive,0
PT07M27.00S,3,DAL,1630619,Cisse,M. Cisse,0,0,0,,0,,,0,h,Cisse Offensive Foul Turnover (P2.T11),Turnover,Offensive Foul Turnover,0
PT07M18.00S,3,CHI,1629012,Sexton,C. Sexton,-1,13,1,Made,1,93,72,165,v,Sexton 1' Driving Finger Roll Layup (15 PTS),Made Shot,Driving Finger Roll Layup Shot,2
PT07M18.00S,3,DAL,203939,Powell,D. Powell,0,0,0,,0,,,0,h,Powell S.FOUL (P2.T1) (M.Kogut),Foul,Shooting,0
PT07M18.00S,3,CHI,1629012,Sexton,C. Sexton,0,0,0,,0,93,73,166,v,Sexton Free Throw 1 of 1 (16 PTS),Free Throw,Free Throw 1 of 1,0
PT06M56.00S,3,DAL,1642948,Nembhard,R. Nembhard,-28,102,11,Missed,1,,,0,h,MISS Nembhard 11' Fadeaway Jumper,Missed Shot,Fadeaway Jump Shot,2
PT06M56.00S,3,,1610612742,,,0,0,0,,0,,,0,h,MAVERICKS Rebound,Rebound,Unknown,0
PT06M56.00S,3,CHI,1642950,Olbrich,L. Olbrich,0,0,0,,0,,,0,v,Olbrich L.B.FOUL (P1.T2) (B.Taylor),Foul,Loose Ball,0
PT06M56.00S,3,,1610612742,,,0,0,0,,0,,,0,h,MAVERICKS Timeout: Regular (Full 3 Short 0),Timeout,Regular,0
PT06M56.00S,3,CHI,1642950,Olbrich,L. Olbrich,0,0,0,,0,,,0,v,SUB: Miller FOR Olbrich,Substitution,,0
PT06M51.00S,3,DAL,1642948,Nembhard,R. Nembhard,0,0,0,,0,,,0,h,Nembhard Bad Pass Turnover (P2.T12),Turnover,Bad Pass,0
PT06M51.00S,3,CHI,1630172,Williams,P. Williams,0,0,0,,0,,,0,v,Williams STEAL (1 STL),,,0
PT06M51.00S,3,DAL,1630619,Cisse,M. Cisse,0,0,0,,0,,,0,h,Cisse P.FOUL (P2.T2) (J.Butler),Foul,Personal,0
PT06M36.00S,3,CHI,1630172,Williams,P. Williams,28,47,5,Missed,1,,,0,v,MISS Williams 5' Driving Bank Hook Shot,Missed Shot,Driving Bank Hook Shot,2
PT06M34.00S,3,DAL,203939,Powell,D. Powell,0,0,0,,0,,,0,h,Powell REBOUND (Off:2 Def:6),Rebound,Unknown,0
PT06M17.00S,3,DAL,1642967,Poulakidas,J. Poulakidas,232,10,0,Missed,1,,,0,h,MISS Poulakidas 3PT Jump Shot,Missed Shot,Jump Shot,3
PT06M16.00S,3,,1610612742,,,0,0,0,,0,,,0,h,MAVERICKS Rebound,Rebound,Unknown,0
PT06M16.00S,3,DAL,203939,Powell,D. Powell,0,0,0,,0,,,0,h,SUB: Johnson FOR Powell,Substitution,,0
PT06M13.00S,3,DAL,1642967,Poulakidas,J. Poulakidas,-16,102,10,Made,1,95,73,168,h,Poulakidas 10' Driving Floating Jump Shot (14 PTS) (Nembhard 16 AST),Made Shot,Driving Floating Jump Shot,2
PT06M13.00S,3,CHI,1642265,Dillingham,R. Dillingham,0,0,0,,0,,,0,v,Dillingham S.FOUL (P2.T3) (J.Butler),Foul,Shooting,0
PT06M13.00S,3,DAL,1642967,Poulakidas,J. Poulakidas,0,0,0,,0,96,73,169,h,Poulakidas Free Throw 1 of 1 (15 PTS),Free Throw,Free Throw 1 of 1,0
PT06M01.00S,3,CHI,1642265,Dillingham,R. Dillingham,-152,199,25,Made,1,96,76,172,v,Dillingham 25' 3PT Jump Shot (20 PTS) (Gueye 4 AST),Made Shot,Jump Shot,3
PT05M52.00S,3,CHI,1629012,Sexton,C. Sexton,0,0,0,,0,,,0,v,Sexton S.FOUL (P3.T4) (M.Kogut),Foul,Shooting,0
PT05M52.00S,3,DAL,1642358,Johnson,A. Johnson,0,0,0,,0,97,76,173,h,Johnson Free Throw 1 of 2 (5 PTS),Free Throw,Free Throw 1 of 2,0
PT05M52.00S,3,DAL,1642358,Johnson,A. Johnson,0,0,0,,0,98,76,174,h,Johnson Free Throw 2 of 2 (6 PTS),Free Throw,Free Throw 2 of 2,0
PT05M42.00S,3,CHI,1642265,Dillingham,R. Dillingham,0,0,0,,0,,,0,v,Dillingham Bad Pass Turnover (P4.T9),Turnover,Bad Pass,0
PT05M42.00S,3,DAL,1630619,Cisse,M. Cisse,0,0,0,,0,,,0,h,Cisse STEAL (1 STL),,,0
PT05M25.00S,3,DAL,1641890,Smith,T. Smith,230,6,0,Missed,1,,,0,h,MISS Smith 3PT Jump Shot,Missed Shot,Jump Shot,3
PT05M23.00S,3,CHI,1642265,Dillingham,R. Dillingham,0,0,0,,0,,,0,v,Dillingham REBOUND (Off:0 Def:5),Rebound,Unknown,0
PT05M11.00S,3,CHI,1631338,Gueye,M. Gueye,223,8,0,Missed,1,,,0,v,MISS Gueye 3PT Jump Shot,Missed Shot,Jump Shot,3
PT05M09.00S,3,DAL,1630619,Cisse,M. Cisse,0,0,0,,0,,,0,h,Cisse REBOUND (Off:5 Def:7),Rebound,Unknown,0
PT05M00.00S,3,DAL,1642967,Poulakidas,J. Poulakidas,229,11,0,Made,1,101,76,177,h,Poulakidas 3PT Jump Shot (18 PTS) (Nembhard 17 AST),Made Shot,Jump Shot,3
PT04M48.00S,3,CHI,1629012,Sexton,C. Sexton,-94,82,12,Missed,1,,,0,v,MISS Sexton 12' Fadeaway Jumper,Missed Shot,Fadeaway Jump Shot,2
PT04M45.00S,3,CHI,1631338,Gueye,M. Gueye,0,0,0,,0,,,0,v,Gueye REBOUND (Off:2 Def:1),Rebound,Unknown,0
PT04M45.00S,3,CHI,1631338,Gueye,M. Gueye,0,0,0,Missed,1,,,0,v,MISS Gueye Tip Layup Shot,Missed Shot,Tip Layup Shot,2
PT04M44.00S,3,DAL,1642948,Nembhard,R. Nembhard,0,0,0,,0,,,0,h,Nembhard REBOUND (Off:0 Def:5),Rebound,Unknown,0
PT04M35.00S,3,DAL,1630619,Cisse,M. Cisse,-1,7,1,Made,1,103,76,179,h,Cisse 1' Cutting Dunk Shot (8 PTS) (Nembhard 18 AST),Made Shot,Cutting Dunk Shot,2
PT04M18.00S,3,CHI,1642265,Dillingham,R. Dillingham,-11,-1,1,Made,1,103,78,181,v,Dillingham 1' Driving Layup (22 PTS),Made Shot,Driving Layup Shot,2
PT03M57.00S,3,DAL,1642358,Johnson,A. Johnson,9,10,1,Made,1,105,78,183,h,Johnson 1' Driving Layup (8 PTS),Made Shot,Driving Layup Shot,2
PT03M53.00S,3,CHI,1642265,Dillingham,R. Dillingham,0,0,0,,0,,,0,v,Dillingham Bad Pass Turnover (P5.T10),Turnover,Bad Pass,0
PT03M53.00S,3,DAL,1641890,Smith,T. Smith,0,0,0,,0,,,0,h,Smith STEAL (2 STL),,,0
PT03M43.00S,3,DAL,1642358,Johnson,A. Johnson,107,223,25,Missed,1,,,0,h,MISS Johnson 25' 3PT Jump Shot,Missed Shot,Jump Shot,3
PT03M41.00S,3,DAL,1642948,Nembhard,R. Nembhard,0,0,0,,0,,,0,h,Nembhard REBOUND (Off:1 Def:5),Rebound,Unknown,0
PT03M39.00S,3,DAL,1642967,Poulakidas,J. Poulakidas,-165,197,26,Made,1,108,78,186,h,Poulakidas 26' 3PT Jump Shot (21 PTS) (Nembhard 19 AST),Made Shot,Jump Shot,3
PT03M26.00S,3,CHI,1629012,Sexton,C. Sexton,88,230,25,Made,1,108,81,189,v,Sexton 25' 3PT Jump Shot (19 PTS) (Dillingham 2 AST),Made Shot,Jump Shot,3
PT03M07.00S,3,DAL,1642948,Nembhard,R. Nembhard,0,0,0,,0,,,0,h,Nembhard Bad Pass Turnover (P3.T13),Turnover,Bad Pass,0
PT03M07.00S,3,CHI,1642265,Dillingham,R. Dillingham,0,0,0,,0,,,0,v,Dillingham STEAL (2 STL),,,0
PT03M04.00S,3,CHI,1631159,Miller,L. Miller,0,0,0,,0,,,0,v,Miller Traveling Turnover (P3.T11),Turnover,Traveling,0
PT03M04.00S,3,DAL,1642948,Nembhard,R. Nembhard,0,0,0,,0,,,0,h,SUB: Powell FOR Nembhard,Substitution,,0
PT03M04.00S,3,CHI,1629012,Sexton,C. Sexton,0,0,0,,0,,,0,v,SUB: Olbrich FOR Sexton,Substitution,,0
PT03M04.00S,3,CHI,1631338,Gueye,M. Gueye,0,0,0,,0,,,0,v,SUB: McClung FOR Gueye,Substitution,,0
PT02M52.00S,3,,1610612741,,,0,0,0,,0,,,0,v,Bulls Timeout: Regular (Reg.4 Short 0),Timeout,Regular,0
PT02M52.00S,3,DAL,1630619,Cisse,M. Cisse,0,0,0,,0,,,0,h,Cisse OFF.Foul (P3) (B.Taylor),Foul,Offensive,0
PT02M52.00S,3,DAL,1630619,Cisse,M. Cisse,0,0,0,,0,,,0,h,Cisse Offensive Foul Turnover (P3.T14),Turnover,Offensive Foul Turnover,0
PT02M39.00S,3,CHI,1642265,Dillingham,R. Dillingham,20,55,6,Missed,1,,,0,v,MISS Dillingham 6' Turnaround Fadeaway Shot,Missed Shot,Turnaround Fadeaway shot,2
PT02M38.00S,3,DAL,1630619,Cisse,M. Cisse,0,0,0,,0,,,0,h,Cisse REBOUND (Off:5 Def:8),Rebound,Unknown,0
PT02M31.00S,3,DAL,1642358,Johnson,A. Johnson,6,10,1,Made,1,110,81,191,h,Johnson 1' Driving Layup (10 PTS),Made Shot,Driving Layup Shot,2
PT02M14.00S,3,CHI,1642265,Dillingham,R. Dillingham,-6,147,15,Missed,1,,,0,v,MISS Dillingham 15' Pullup Jump Shot,Missed Shot,Pullup Jump shot,2
PT02M12.00S,3,DAL,203939,Powell,D. Powell,0,0,0,,0,,,0,h,Powell REBOUND (Off:2 Def:7),Rebound,Unknown,0
PT02M03.00S,3,DAL,1642967,Poulakidas,J. Poulakidas,-36,253,26,Made,1,113,81,194,h,Poulakidas 26' 3PT Pullup Jump Shot (24 PTS) (Powell 2 AST),Made Shot,Pullup Jump shot,3
PT01M52.00S,3,CHI,1630172,Williams,P. Williams,-137,206,25,Missed,1,,,0,v,MISS Williams 25' 3PT Jump Shot,Missed Shot,Jump Shot,3
PT01M50.00S,3,CHI,1642950,Olbrich,L. Olbrich,0,0,0,,0,,,0,v,Olbrich REBOUND (Off:4 Def:1),Rebound,Unknown,0
PT01M46.00S,3,CHI,1630644,McClung,M. McClung,-234,1,0,Missed,1,,,0,v,MISS McClung 3PT Jump Shot,Missed Shot,Jump Shot,3
PT01M46.00S,3,DAL,203939,Powell,D. Powell,0,0,0,,0,,,0,h,Powell REBOUND (Off:2 Def:8),Rebound,Unknown,0
PT01M31.00S,3,DAL,1642358,Johnson,A. Johnson,-11,17,2,Missed,1,,,0,h,MISS Johnson 2' Driving Reverse Layup,Missed Shot,Driving Reverse Layup Shot,2
PT01M30.00S,3,DAL,1630619,Cisse,M. Cisse,0,0,0,,0,,,0,h,Cisse REBOUND (Off:6 Def:8),Rebound,Unknown,0
PT01M30.00S,3,DAL,1630619,Cisse,M. Cisse,-1,11,1,Made,1,115,81,196,h,Cisse 1' Putback Layup (10 PTS),Made Shot,Putback Layup Shot,2
PT01M30.00S,3,CHI,1631159,Miller,L. Miller,0,0,0,,0,,,0,v,Miller S.FOUL (P2.PN) (B.Taylor),Foul,Shooting,0
PT01M30.00S,3,DAL,1630619,Cisse,M. Cisse,0,0,0,,0,,,0,h,MISS Cisse Free Throw 1 of 1,Free Throw,Free Throw 1 of 1,0
PT01M27.00S,3,CHI,1631159,Miller,L. Miller,0,0,0,,0,,,0,v,Miller REBOUND (Off:1 Def:5),Rebound,Unknown,0
PT01M14.00S,3,CHI,1630644,McClung,M. McClung,-88,242,26,Made,1,115,84,199,v,McClung 26' 3PT Pullup Jump Shot (8 PTS) (Miller 2 AST),Made Shot,Pullup Jump shot,3
PT00M57.60S,3,DAL,1642358,Johnson,A. Johnson,-25,41,5,Missed,1,,,0,h,MISS Johnson 5' Driving Layup,Missed Shot,Driving Layup Shot,2
PT00M55.10S,3,CHI,1642950,Olbrich,L. Olbrich,0,0,0,,0,,,0,v,Olbrich REBOUND (Off:4 Def:2),Rebound,Unknown,0
PT00M53.30S,3,CHI,1631159,Miller,L. Miller,5,5,1,Made,1,115,86,201,v,Miller 1' Running Dunk (15 PTS) (Dillingham 3 AST),Made Shot,Running Dunk Shot,2
PT00M45.50S,3,CHI,1630644,McClung,M. McClung,0,0,0,,0,,,0,v,McClung P.FOUL (P1.PN) (M.Kogut),Foul,Personal,0
PT00M45.50S,3,DAL,1642967,Poulakidas,J. Poulakidas,0,0,0,,0,116,86,202,h,Poulakidas Free Throw 1 of 2 (25 PTS),Free Throw,Free Throw 1 of 2,0
PT00M45.50S,3,CHI,1631159,Miller,L. Miller,0,0,0,,0,,,0,v,SUB: Gueye FOR Miller,Substitution,,0
PT00M45.50S,3,DAL,1642967,Poulakidas,J. Poulakidas,0,0,0,,0,,,0,h,MISS Poulakidas Free Throw 2 of 2,Free Throw,Free Throw 2 of 2,0
PT00M43.70S,3,CHI,1642950,Olbrich,L. Olbrich,0,0,0,,0,,,0,v,Olbrich REBOUND (Off:4 Def:3),Rebound,Unknown,0
PT00M33.50S,3,CHI,1631338,Gueye,M. Gueye,228,61,24,Missed,1,,,0,v,MISS Gueye 24' 3PT Jump Shot,Missed Shot,Jump Shot,3
PT00M33.50S,3,,1610612741,,,0,0,0,,0,,,0,v,Bulls Rebound,Rebound,Unknown,0
PT00M22.80S,3,CHI,1642265,Dillingham,R. Dillingham,-33,1,3,Made,1,116,88,204,v,Dillingham 3' Driving Layup (24 PTS),Made Shot,Driving Layup Shot,2
PT00M04.50S,3,DAL,1642358,Johnson,A. Johnson,36,21,4,Made,1,118,88,206,h,Johnson 4' Driving Layup (12 PTS),Made Shot,Driving Layup Shot,2
PT00M04.50S,3,CHI,1630644,McClung,M. McClung,0,0,0,,0,,,0,v,McClung S.FOUL (P2.PN) (J.Butler),Foul,Shooting,0
PT00M04.50S,3,DAL,1642358,Johnson,A. Johnson,0,0,0,,0,119,88,207,h,Johnson Free Throw 1 of 1 (13 PTS),Free Throw,Free Throw 1 of 1,0
PT00M00.00S,3,,0,,,0,0,0,,0,119,88,207,,End of 3rd Period (10:17 PM EST),period,end,0
PT12M00.00S,4,,0,,,0,0,0,,0,119,88,207,,Start of 4th Period (10:20 PM EST),period,start,0
PT11M50.00S,4,CHI,1642530,Kawamura,Y. Kawamura,-108,220,25,Missed,1,,,0,v,MISS Kawamura 25' 3PT Jump Shot,Missed Shot,Jump Shot,3
PT11M45.00S,4,DAL,1642948,Nembhard,R. Nembhard,0,0,0,,0,,,0,h,Nembhard REBOUND (Off:1 Def:6),Rebound,Unknown,0
PT11M34.00S,4,DAL,1642948,Nembhard,R. Nembhard,0,0,0,,0,,,0,h,Nembhard Bad Pass Turnover (P4.T15),Turnover,Bad Pass,0
PT11M34.00S,4,CHI,1630172,Williams,P. Williams,0,0,0,,0,,,0,v,Williams STEAL (2 STL),,,0
PT11M20.00S,4,CHI,1642950,Olbrich,L. Olbrich,-16,37,4,Missed,1,,,0,v,MISS Olbrich 4' Turnaround Hook Shot,Missed Shot,Turnaround Hook Shot,2
PT11M18.00S,4,DAL,1630619,Cisse,M. Cisse,0,0,0,,0,,,0,h,Cisse REBOUND (Off:6 Def:9),Rebound,Unknown,0
PT11M12.00S,4,DAL,1641890,Smith,T. Smith,159,201,26,Missed,1,,,0,h,MISS Smith 26' 3PT Pullup Jump Shot,Missed Shot,Pullup Jump shot,3
PT11M09.00S,4,CHI,1642950,Olbrich,L. Olbrich,0,0,0,,0,,,0,v,Olbrich REBOUND (Off:4 Def:4),Rebound,Unknown,0
PT10M59.00S,4,CHI,1642530,Kawamura,Y. Kawamura,-99,229,25,Made,1,119,91,210,v,Kawamura 25' 3PT Jump Shot (3 PTS) (Williams 4 AST),Made Shot,Jump Shot,3
PT10M36.00S,4,DAL,1642948,Nembhard,R. Nembhard,-119,17,12,Made,1,121,91,212,h,Nembhard 12' Fadeaway Jumper (12 PTS),Made Shot,Fadeaway Jump Shot,2
PT10M18.00S,4,CHI,1642530,Kawamura,Y. Kawamura,147,215,26,Made,1,121,94,215,v,Kawamura 26' 3PT Jump Shot (6 PTS) (Olbrich 6 AST),Made Shot,Jump Shot,3
PT10M01.00S,4,DAL,1642358,Johnson,A. Johnson,-16,268,27,Missed,1,,,0,h,MISS Johnson 27' 3PT Jump Shot,Missed Shot,Jump Shot,3
PT09M59.00S,4,CHI,1630172,Williams,P. Williams,0,0,0,,0,,,0,v,Williams REBOUND (Off:0 Def:3),Rebound,Unknown,0
PT09M44.00S,4,CHI,1642950,Olbrich,L. Olbrich,0,0,0,,0,,,0,v,Olbrich Out of Bounds - Bad Pass Turnover Turnover (P1.T12),Turnover,Out of Bounds - Bad Pass Turnover,0
PT09M29.00S,4,DAL,1642358,Johnson,A. Johnson,0,0,0,,0,,,0,h,Johnson Offensive Charge Foul (P5) (M.Kogut),Foul,Offensive Charge,0
PT09M29.00S,4,DAL,1642358,Johnson,A. Johnson,0,0,0,,0,,,0,h,Johnson Offensive Foul Turnover (P5.T16),Turnover,Offensive Foul Turnover,0
PT09M29.00S,4,DAL,1642358,Johnson,A. Johnson,0,0,0,,0,,,0,h,SUB: Powell FOR Johnson,Substitution,,0
PT09M11.00S,4,DAL,1630619,Cisse,M. Cisse,0,0,0,,0,,,0,h,Cisse P.FOUL (P4.T1) (J.Butler),Foul,Personal,0
PT09M11.00S,4,DAL,1642948,Nembhard,R. Nembhard,0,0,0,,0,,,0,h,Nembhard AWAY.FROM.PLAY.FOUL (P1.T2) (J.Butler),Foul,Away From Play,0
PT09M11.00S,4,,600,,,0,0,0,,0,121,94,215,,Instant Replay4th Period (10:24 PM EST),Instant Replay,Ruling Stands,0
PT09M11.00S,4,CHI,1642530,Kawamura,Y. Kawamura,0,0,0,,0,121,95,216,v,Kawamura Free Throw 1 of 1 (7 PTS),Free Throw,Free Throw 1 of 1,0
PT09M04.00S,4,CHI,1642530,Kawamura,Y. Kawamura,-81,241,25,Made,1,121,98,219,v,Kawamura 25' 3PT Pullup Jump Shot (10 PTS) (Olbrich 7 AST),Made Shot,Pullup Jump shot,3
PT08M50.00S,4,DAL,1642967,Poulakidas,J. Poulakidas,87,246,26,Missed,1,,,0,h,MISS Poulakidas 26' 3PT Jump Shot,Missed Shot,Jump Shot,3
PT08M49.00S,4,,1610612742,,,0,0,0,,0,,,0,h,MAVERICKS Rebound,Rebound,Unknown,0
PT08M47.00S,4,DAL,203939,Powell,D. Powell,5,7,1,Made,1,123,98,221,h,Powell 1' Cutting Layup Shot (4 PTS) (Nembhard 20 AST),Made Shot,Cutting Layup Shot,2
PT08M36.00S,4,CHI,1631338,Gueye,M. Gueye,-12,260,26,Missed,1,,,0,v,MISS Gueye 26' 3PT Jump Shot,Missed Shot,Jump Shot,3
PT08M34.00S,4,CHI,1642950,Olbrich,L. Olbrich,0,0,0,,0,,,0,v,Olbrich REBOUND (Off:5 Def:4),Rebound,Unknown,0
PT08M33.00S,4,CHI,1642950,Olbrich,L. Olbrich,0,0,0,Missed,1,,,0,v,MISS Olbrich Tip Layup Shot,Missed Shot,Tip Layup Shot,2
PT08M32.00S,4,CHI,1629012,Sexton,C. Sexton,0,0,0,,0,,,0,v,Sexton REBOUND (Off:1 Def:1),Rebound,Unknown,0
PT08M21.00S,4,CHI,1630172,Williams,P. Williams,0,0,0,,0,,,0,v,Williams Lost Ball Turnover (P2.T13),Turnover,Lost Ball,0
PT08M21.00S,4,DAL,1630619,Cisse,M. Cisse,0,0,0,,0,,,0,h,Cisse STEAL (2 STL),,,0
PT08M12.00S,4,DAL,1630619,Cisse,M. Cisse,-11,22,2,Missed,1,,,0,h,MISS Cisse 2' Alley Oop Dunk,Missed Shot,Alley Oop Dunk Shot,2
PT08M10.00S,4,CHI,1629012,Sexton,C. Sexton,0,0,0,,0,,,0,v,Sexton REBOUND (Off:1 Def:2),Rebound,Unknown,0
PT08M08.00S,4,DAL,203939,Powell,D. Powell,0,0,0,,0,,,0,h,Powell S.FOUL (P3.T3) (M.Kogut),Foul,Shooting,0
PT08M08.00S,4,CHI,1631338,Gueye,M. Gueye,0,0,0,,0,123,99,222,v,Gueye Free Throw 1 of 2 (3 PTS),Free Throw,Free Throw 1 of 2,0
PT08M08.00S,4,CHI,1630172,Williams,P. Williams,0,0,0,,0,,,0,v,SUB: Miller FOR Williams,Substitution,,0
PT08M08.00S,4,CHI,1631338,Gueye,M. Gueye,0,0,0,,0,,,0,v,MISS Gueye Free Throw 2 of 2,Free Throw,Free Throw 2 of 2,0
PT08M06.00S,4,DAL,203939,Powell,D. Powell,0,0,0,,0,,,0,h,Powell REBOUND (Off:2 Def:9),Rebound,Unknown,0
PT07M53.00S,4,DAL,203939,Powell,D. Powell,230,38,0,Made,1,126,99,225,h,Powell 3PT Jump Shot (7 PTS) (Poulakidas 4 AST),Made Shot,Jump Shot,3
PT07M39.00S,4,CHI,1642530,Kawamura,Y. Kawamura,-82,234,25,Missed,1,,,0,v,MISS Kawamura 25' 3PT Pullup Jump Shot,Missed Shot,Pullup Jump shot,3
PT07M36.00S,4,DAL,203939,Powell,D. Powell,0,0,0,,0,,,0,h,Powell REBOUND (Off:2 Def:10),Rebound,Unknown,0
PT07M26.00S,4,CHI,1642530,Kawamura,Y. Kawamura,0,0,0,,0,,,0,v,Kawamura P.FOUL (P1.T1) (J.Butler),Foul,Personal,0
PT07M26.00S,4,CHI,1642950,Olbrich,L. Olbrich,0,0,0,,0,,,0,v,SUB: Williams FOR Olbrich,Substitution,,0
PT07M14.00S,4,DAL,1642967,Poulakidas,J. Poulakidas,228,122,26,Missed,1,,,0,h,MISS Poulakidas 26' 3PT Step Back Jump Shot,Missed Shot,Step Back Jump shot,3
PT07M11.00S,4,CHI,1642530,Kawamura,Y. Kawamura,0,0,0,,0,,,0,v,Kawamura REBOUND (Off:0 Def:2),Rebound,Unknown,0
PT07M08.00S,4,DAL,203939,Powell,D. Powell,0,0,0,,0,,,0,h,Powell S.FOUL (P4.T4) (J.Butler),Foul,Shooting,0
PT07M08.00S,4,CHI,1631338,Gueye,M. Gueye,0,0,0,,0,126,100,226,v,Gueye Free Throw 1 of 2 (4 PTS),Free Throw,Free Throw 1 of 2,0
PT07M08.00S,4,CHI,1631338,Gueye,M. Gueye,0,0,0,,0,126,101,227,v,Gueye Free Throw 2 of 2 (5 PTS),Free Throw,Free Throw 2 of 2,0
PT06M54.00S,4,CHI,1631159,Miller,L. Miller,0,0,0,,0,,,0,v,Miller P.FOUL (P3.T2) (J.Butler),Foul,Personal,0
PT06M54.00S,4,,1610612742,,,0,0,0,,0,,,0,h,MAVERICKS Timeout: Regular (Full 4 Short 0),Timeout,Regular,0
PT06M54.00S,4,DAL,203939,Powell,D. Powell,0,0,0,,0,,,0,h,SUB: Johnson FOR Powell,Substitution,,0
PT06M54.00S,4,CHI,1629012,Sexton,C. Sexton,0,0,0,,0,,,0,v,SUB: McClung FOR Sexton,Substitution,,0
PT06M54.00S,4,CHI,1642530,Kawamura,Y. Kawamura,0,0,0,,0,,,0,v,SUB: Dillingham FOR Kawamura,Substitution,,0
PT06M42.00S,4,DAL,1642358,Johnson,A. Johnson,10,10,1,Made,1,128,101,229,h,Johnson 1' Reverse Layup (15 PTS) (Nembhard 21 AST),Made Shot,Reverse Layup Shot,2
PT06M29.00S,4,CHI,1630172,Williams,P. Williams,5,3,1,Made,1,128,103,231,v,Williams 1' Driving Reverse Layup (12 PTS),Made Shot,Driving Reverse Layup Shot,2
PT06M29.00S,4,DAL,1641890,Smith,T. Smith,0,0,0,,0,,,0,h,Smith S.FOUL (P2.PN) (J.Butler),Foul,Shooting,0
PT06M29.00S,4,CHI,1630172,Williams,P. Williams,0,0,0,,0,128,104,232,v,Williams Free Throw 1 of 1 (13 PTS),Free Throw,Free Throw 1 of 1,0
PT06M07.00S,4,DAL,1642358,Johnson,A. Johnson,38,22,4,Missed,1,,,0,h,MISS Johnson 4' Driving Bank Hook Shot,Missed Shot,Driving Bank Hook Shot,2
PT06M05.00S,4,CHI,1630172,Williams,P. Williams,0,0,0,,0,,,0,v,Williams REBOUND (Off:0 Def:4),Rebound,Unknown,0
PT06M01.00S,4,CHI,1631338,Gueye,M. Gueye,1,5,1,Made,1,128,106,234,v,Gueye 1' Running Alley Oop Dunk Shot (7 PTS) (Williams 5 AST),Made Shot,Running Alley Oop Dunk Shot,2
PT05M47.00S,4,DAL,1642967,Poulakidas,J. Poulakidas,-180,174,25,Missed,1,,,0,h,MISS Poulakidas 25' 3PT Jump Shot,Missed Shot,Jump Shot,3
PT05M42.00S,4,DAL,1630619,Cisse,M. Cisse,0,0,0,,0,,,0,h,Cisse REBOUND (Off:7 Def:9),Rebound,Unknown,0
PT05M42.00S,4,DAL,1630619,Cisse,M. Cisse,0,0,0,Made,1,130,106,236,h,Cisse Tip Layup Shot (12 PTS),Made Shot,Tip Layup Shot,2
PT05M34.00S,4,CHI,1631338,Gueye,M. Gueye,5,5,1,Made,1,130,108,238,v,Gueye 1' Cutting Finger Roll Layup Shot (9 PTS) (Dillingham 4 AST),Made Shot,Cutting Finger Roll Layup Shot,2
PT05M28.00S,4,DAL,1641890,Smith,T. Smith,0,0,0,,0,,,0,h,Smith Lost Ball Turnover (P2.T17),Turnover,Lost Ball,0
PT05M28.00S,4,CHI,1630172,Williams,P. Williams,0,0,0,,0,,,0,v,Williams STEAL (3 STL),,,0
PT05M19.00S,4,CHI,1631159,Miller,L. Miller,118,218,25,Missed,1,,,0,v,MISS Miller 25' 3PT Jump Shot,Missed Shot,Jump Shot,3
PT05M16.00S,4,CHI,1631159,Miller,L. Miller,0,0,0,,0,,,0,v,Miller REBOUND (Off:2 Def:5),Rebound,Unknown,0
PT05M14.00S,4,CHI,1631159,Miller,L. Miller,-10,-8,1,Made,1,130,110,240,v,Miller 1' Putback Layup (17 PTS),Made Shot,Putback Layup Shot,2
PT04M54.00S,4,DAL,1630619,Cisse,M. Cisse,-67,45,8,Missed,1,,,0,h,MISS Cisse 8' Driving Floating Bank Jump Shot,Missed Shot,Driving Floating Bank Jump Shot,2
PT04M53.00S,4,DAL,1630619,Cisse,M. Cisse,0,0,0,,0,,,0,h,Cisse REBOUND (Off:8 Def:9),Rebound,Unknown,0
PT04M52.00S,4,DAL,1630619,Cisse,M. Cisse,10,25,3,Missed,1,,,0,h,MISS Cisse 3' Putback Layup,Missed Shot,Putback Layup Shot,2
PT04M52.00S,4,DAL,1630619,Cisse,M. Cisse,0,0,0,,0,,,0,h,Cisse REBOUND (Off:9 Def:9),Rebound,Unknown,0
PT04M50.00S,4,DAL,1630619,Cisse,M. Cisse,2,12,1,Made,1,132,110,242,h,Cisse 1' Putback Layup (14 PTS),Made Shot,Putback Layup Shot,2
PT04M41.00S,4,DAL,1641890,Smith,T. Smith,0,0,0,,0,,,0,h,Smith S.FOUL (P3.PN) (M.Kogut),Foul,Shooting,0
PT04M41.00S,4,CHI,1642265,Dillingham,R. Dillingham,0,0,0,,0,,,0,v,MISS Dillingham Free Throw 1 of 2,Free Throw,Free Throw 1 of 2,0
PT04M41.00S,4,,1610612741,,,0,0,0,,0,,,0,v,Bulls Rebound,Rebound,Normal Rebound,0
PT04M41.00S,4,CHI,1631338,Gueye,M. Gueye,0,0,0,,0,,,0,v,SUB: Olbrich FOR Gueye,Substitution,,0
PT04M41.00S,4,CHI,1630172,Williams,P. Williams,0,0,0,,0,,,0,v,SUB: Kawamura FOR Williams,Substitution,,0
PT04M41.00S,4,CHI,1642265,Dillingham,R. Dillingham,0,0,0,,0,132,111,243,v,Dillingham Free Throw 2 of 2 (25 PTS),Free Throw,Free Throw 2 of 2,0
PT04M30.00S,4,DAL,1630619,Cisse,M. Cisse,-16,31,3,Missed,1,,,0,h,MISS Cisse 3' Cutting Layup Shot,Missed Shot,Cutting Layup Shot,2
PT04M29.00S,4,DAL,1642948,Nembhard,R. Nembhard,0,0,0,,0,,,0,h,Nembhard REBOUND (Off:2 Def:6),Rebound,Unknown,0
PT04M27.00S,4,DAL,1641890,Smith,T. Smith,0,0,0,,0,,,0,h,Smith Offensive Charge Foul (P4) (M.Kogut),Foul,Offensive Charge,0
PT04M27.00S,4,DAL,1641890,Smith,T. Smith,0,0,0,,0,,,0,h,Smith Offensive Foul Turnover (P3.T18),Turnover,Offensive Foul Turnover,0
PT04M14.00S,4,CHI,1642530,Kawamura,Y. Kawamura,-150,216,26,Missed,1,,,0,v,MISS Kawamura 26' 3PT Jump Shot,Missed Shot,Jump Shot,3
PT04M13.00S,4,,1610612741,,,0,0,0,,0,,,0,v,Bulls Rebound,Rebound,Unknown,0
PT04M13.00S,4,DAL,1641890,Smith,T. Smith,0,0,0,,0,,,0,h,Smith L.B.FOUL (P5.PN) (B.Taylor),Foul,Loose Ball,0
PT04M13.00S,4,CHI,1642950,Olbrich,L. Olbrich,0,0,0,,0,132,112,244,v,Olbrich Free Throw 1 of 2 (5 PTS),Free Throw,Free Throw 1 of 2,0
PT04M13.00S,4,CHI,1642950,Olbrich,L. Olbrich,0,0,0,,0,132,113,245,v,Olbrich Free Throw 2 of 2 (6 PTS),Free Throw,Free Throw 2 of 2,0
PT03M57.00S,4,DAL,1642358,Johnson,A. Johnson,-223,16,0,Missed,1,,,0,h,MISS Johnson 3PT Jump Shot,Missed Shot,Jump Shot,3
PT03M54.00S,4,CHI,1642950,Olbrich,L. Olbrich,0,0,0,,0,,,0,v,Olbrich REBOUND (Off:5 Def:5),Rebound,Unknown,0
PT03M49.00S,4,CHI,1642530,Kawamura,Y. Kawamura,-2,117,12,Made,1,132,115,247,v,Kawamura 12' Running Pull-Up Jump Shot (12 PTS) (Olbrich 8 AST),Made Shot,Running Pull-Up Jump Shot,2
PT03M33.00S,4,DAL,1642948,Nembhard,R. Nembhard,-13,95,10,Missed,1,,,0,h,MISS Nembhard 10' Driving Floating Jump Shot,Missed Shot,Driving Floating Jump Shot,2
PT03M32.00S,4,DAL,1630619,Cisse,M. Cisse,0,0,0,,0,,,0,h,Cisse REBOUND (Off:10 Def:9),Rebound,Unknown,0
PT03M32.00S,4,DAL,1630619,Cisse,M. Cisse,13,2,1,Made,1,134,115,249,h,Cisse 1' Putback Layup (16 PTS),Made Shot,Putback Layup Shot,2
PT03M32.00S,4,CHI,1642530,Kawamura,Y. Kawamura,0,0,0,,0,,,0,v,Kawamura S.FOUL (P2.T3) (B.Taylor),Foul,Shooting,0
PT03M32.00S,4,DAL,1630619,Cisse,M. Cisse,0,0,0,,0,135,115,250,h,Cisse Free Throw 1 of 1 (17 PTS),Free Throw,Free Throw 1 of 1,0
PT03M26.00S,4,CHI,1642950,Olbrich,L. Olbrich,-1,6,1,Made,1,135,117,252,v,Olbrich 1' Dunk (8 PTS) (Dillingham 5 AST),Made Shot,Dunk Shot,2
PT03M09.00S,4,DAL,1641890,Smith,T. Smith,227,112,25,Missed,1,,,0,h,MISS Smith 25' 3PT Jump Shot,Missed Shot,Jump Shot,3
PT03M09.00S,4,CHI,1631159,Miller,L. Miller,0,0,0,,0,,,0,v,Miller BLOCK (1 BLK),,,3
PT03M06.00S,4,CHI,1642950,Olbrich,L. Olbrich,0,0,0,,0,,,0,v,Olbrich REBOUND (Off:5 Def:6),Rebound,Unknown,0
PT03M04.00S,4,CHI,1631159,Miller,L. Miller,0,6,1,Missed,1,,,0,v,MISS Miller 1' Running Dunk,Missed Shot,Running Dunk Shot,2
PT03M02.00S,4,DAL,1642948,Nembhard,R. Nembhard,0,0,0,,0,,,0,h,Nembhard REBOUND (Off:2 Def:7),Rebound,Unknown,0
PT02M52.00S,4,CHI,1642950,Olbrich,L. Olbrich,0,0,0,,0,,,0,v,Olbrich S.FOUL (P2.T4) (B.Taylor),Foul,Shooting,0
PT02M52.00S,4,,1610612741,,,0,0,0,,0,,,0,v,Bulls Timeout: Regular (Reg.5 Short 0),Timeout,Regular,0
PT02M52.00S,4,CHI,1631159,Miller,L. Miller,0,0,0,,0,,,0,v,SUB: Gueye FOR Miller,Substitution,,0
PT02M52.00S,4,DAL,1642358,Johnson,A. Johnson,0,0,0,,0,136,117,253,h,Johnson Free Throw 1 of 2 (16 PTS),Free Throw,Free Throw 1 of 2,0
PT02M52.00S,4,DAL,1642358,Johnson,A. Johnson,0,0,0,,0,,,0,h,MISS Johnson Free Throw 2 of 2,Free Throw,Free Throw 2 of 2,0
PT02M50.00S,4,CHI,1642950,Olbrich,L. Olbrich,0,0,0,,0,,,0,v,Olbrich REBOUND (Off:5 Def:7),Rebound,Unknown,0
PT02M34.00S,4,CHI,1630644,McClung,M. McClung,157,204,26,Missed,1,,,0,v,MISS McClung 26' 3PT Jump Shot,Missed Shot,Jump Shot,3
PT02M31.00S,4,DAL,1641890,Smith,T. Smith,0,0,0,,0,,,0,h,Smith REBOUND (Off:1 Def:6),Rebound,Unknown,0
PT02M24.00S,4,DAL,1642948,Nembhard,R. Nembhard,20,257,26,Made,1,139,117,256,h,Nembhard 26' 3PT Step Back Jump Shot (15 PTS),Made Shot,Step Back Jump shot,3
PT02M13.00S,4,CHI,1642530,Kawamura,Y. Kawamura,-23,1,2,Made,1,139,119,258,v,Kawamura 2' Driving Layup (14 PTS),Made Shot,Driving Layup Shot,2
PT01M57.00S,4,DAL,1641890,Smith,T. Smith,233,63,24,Made,1,142,119,261,h,Smith 24' 3PT Jump Shot (20 PTS) (Nembhard 22 AST),Made Shot,Jump Shot,3
PT01M46.00S,4,CHI,1642530,Kawamura,Y. Kawamura,-176,177,25,Missed,1,,,0,v,MISS Kawamura 25' 3PT Jump Shot,Missed Shot,Jump Shot,3
PT01M44.00S,4,CHI,1642950,Olbrich,L. Olbrich,0,0,0,,0,,,0,v,Olbrich REBOUND (Off:6 Def:7),Rebound,Unknown,0
PT01M44.00S,4,CHI,1642950,Olbrich,L. Olbrich,-7,5,1,Made,1,142,121,263,v,Olbrich 1' Putback Layup (10 PTS),Made Shot,Putback Layup Shot,2
PT01M35.00S,4,DAL,1630619,Cisse,M. Cisse,-16,12,2,Missed,1,,,0,h,MISS Cisse 2' Layup,Missed Shot,Layup Shot,2
PT01M33.00S,4,CHI,1642950,Olbrich,L. Olbrich,0,0,0,,0,,,0,v,Olbrich REBOUND (Off:6 Def:8),Rebound,Unknown,0
PT01M29.00S,4,CHI,1631338,Gueye,M. Gueye,-6,3,1,Made,1,142,123,265,v,Gueye 1' Running Dunk (11 PTS) (Olbrich 9 AST),Made Shot,Running Dunk Shot,2
PT01M10.00S,4,CHI,1630644,McClung,M. McClung,0,0,0,,0,,,0,v,McClung P.FOUL (P3.PN) (J.Butler),Foul,Personal,0
PT01M10.00S,4,DAL,1642358,Johnson,A. Johnson,0,0,0,,0,143,123,266,h,Johnson Free Throw 1 of 2 (17 PTS),Free Throw,Free Throw 1 of 2,0
PT01M10.00S,4,DAL,1642358,Johnson,A. Johnson,0,0,0,,0,144,123,267,h,Johnson Free Throw 2 of 2 (18 PTS),Free Throw,Free Throw 2 of 2,0
PT01M01.00S,4,CHI,1642530,Kawamura,Y. Kawamura,-197,148,25,Missed,1,,,0,v,MISS Kawamura 25' 3PT Pullup Jump Shot,Missed Shot,Pullup Jump shot,3
PT00M58.10S,4,CHI,1642950,Olbrich,L. Olbrich,0,0,0,,0,,,0,v,Olbrich REBOUND (Off:7 Def:8),Rebound,Unknown,0
PT00M52.40S,4,CHI,1642265,Dillingham,R. Dillingham,-210,140,25,Missed,1,,,0,v,MISS Dillingham 25' 3PT Step Back Jump Shot,Missed Shot,Step Back Jump shot,3
PT00M46.20S,4,DAL,1630619,Cisse,M. Cisse,0,0,0,,0,,,0,h,Cisse REBOUND (Off:10 Def:10),Rebound,Unknown,0
PT00M39.70S,4,DAL,1642967,Poulakidas,J. Poulakidas,203,147,25,Made,1,147,123,270,h,Poulakidas 25' 3PT Pullup Jump Shot (28 PTS) (Nembhard 23 AST),Made Shot,Pullup Jump shot,3
PT00M34.40S,4,CHI,1630644,McClung,M. McClung,10,0,1,Made,1,147,125,272,v,McClung 1' Cutting Layup Shot (10 PTS) (Kawamura 1 AST),Made Shot,Cutting Layup Shot,2
PT00M34.40S,4,DAL,1642948,Nembhard,R. Nembhard,0,0,0,,0,,,0,h,Nembhard S.FOUL (P2.PN) (J.Butler),Foul,Shooting,0
PT00M34.40S,4,CHI,1630644,McClung,M. McClung,0,0,0,,0,147,126,273,v,McClung Free Throw 1 of 1 (11 PTS),Free Throw,Free Throw 1 of 1,0
PT00M20.70S,4,DAL,1642358,Johnson,A. Johnson,2,15,2,Made,1,149,126,275,h,Johnson 2' Driving Layup (20 PTS),Made Shot,Driving Layup Shot,2
PT00M17.90S,4,CHI,1630644,McClung,M. McClung,-12,3,1,Made,1,149,128,277,v,McClung 1' Driving Layup (13 PTS) (Olbrich 10 AST),Made Shot,Driving Layup Shot,2
PT00M00.00S,4,,0,,,0,0,0,,0,149,128,277,,End of 4th Period (10:49 PM EST),period,end,0
